family,model,n_truth,n_scored,n_missing,n_invalid,coverage,mean_f1,mean_mcc
RF00006,published,2481,2481,0,0,1.0,0.5929519510418086,0.6052897985337623
RF00006,retrained,2481,2481,0,0,1.0,0.3991859719462141,0.40335510611096376
RF00020,published,19279,19279,0,0,1.0,0.6563473353038877,0.6700538322313975
RF00020,retrained,19279,19279,0,0,1.0,0.5002595960248841,0.5046796380364781
RF00038,published,8,8,0,0,1.0,0.7982309281169124,0.80231858508202
RF00038,retrained,8,8,0,0,1.0,0.25008445681820296,0.2608350264887243
RF00044,published,2,2,0,0,1.0,0.14285714285714285,0.19134183529156523
RF00044,retrained,2,2,0,0,1.0,0.13172606568832984,0.1542591835802561
RF00048,published,54,54,0,0,1.0,0.5545203555142739,0.5585505426598685
RF00048,retrained,54,54,0,0,1.0,0.5101651895531416,0.5205249659276072
RF00072,published,349,349,0,0,1.0,0.6037924097454684,0.6106776832624852
RF00072,retrained,349,349,0,0,1.0,0.40852802645417113,0.4109654470183159
RF00078,published,285,285,0,0,1.0,0.7076075193572671,0.7193713229684201
RF00078,retrained,285,285,0,0,1.0,0.5951909635718363,0.5972303205059175
RF00088,published,242,242,0,0,1.0,0.047201174291597245,0.05356875583206331
RF00088,retrained,242,242,0,0,1.0,0.1150318090666195,0.12060293798774117
RF00099,published,901,901,0,0,1.0,0.23021472922162697,0.25290759980497124
RF00099,retrained,901,901,0,0,1.0,0.21291812178412733,0.280874715560875
RF00115,published,108,108,0,0,1.0,0.5278575173135116,0.5552562790081385
RF00115,retrained,108,108,0,0,1.0,0.581322745831885,0.5903160409068238
RF00124,published,16,16,0,0,1.0,0.5049828461096355,0.5101294040779499
RF00124,retrained,16,16,0,0,1.0,0.47372280902130326,0.481036795182916
RF00127,published,4087,4087,0,0,1.0,0.6861289714827519,0.6980144976648998
RF00127,retrained,4087,4087,0,0,1.0,0.5334499678466131,0.5374165578135984
RF00132,published,990,990,0,0,1.0,0.35887910918335364,0.4005718555640625
RF00132,retrained,990,990,0,0,1.0,0.29266849238545645,0.38617057503310354
RF00137,published,858,858,0,0,1.0,0.6490350114033495,0.6635919861961563
RF00137,retrained,858,858,0,0,1.0,0.5373663779158954,0.5524200018602605
RF00138,published,999,999,0,0,1.0,0.3733987710834539,0.3936809321751153
RF00138,retrained,999,999,0,0,1.0,0.4023181656496484,0.4046327786710056
RF00145,published,454,454,0,0,1.0,0.27892994794666914,0.2876285965562754
RF00145,retrained,454,454,0,0,1.0,0.11660595103331904,0.12011986280812943
RF00153,published,522,522,0,0,1.0,0.3846268703611856,0.39998500188445857
RF00153,retrained,522,522,0,0,1.0,0.37689678301379864,0.4318249520686147
RF00156,published,4241,4241,0,0,1.0,0.3746708469093168,0.3834151567418189
RF00156,retrained,4241,4241,0,0,1.0,0.16773657563405223,0.1702492150739273
RF00168,published,15562,15562,0,0,1.0,0.5274021466122434,0.5523639851628375
RF00168,retrained,15562,15562,0,0,1.0,0.5182698713965601,0.5237768568308471
RF00170,published,85,85,0,0,1.0,0.5272054579988884,0.5601212215097408
RF00170,retrained,85,85,0,0,1.0,0.31389134266729957,0.31994836845256586
RF00171,published,19,19,0,0,1.0,0.4535543351959033,0.4762334729349216
RF00171,retrained,19,19,0,0,1.0,0.24923971399314948,0.2572448723606828
RF00172,published,267,267,0,0,1.0,0.6380199713527969,0.6654652511826805
RF00172,retrained,267,267,0,0,1.0,0.2835423867987362,0.322673031025723
RF00175,published,71,71,0,0,1.0,0.8426190491510728,0.8477686745881473
RF00175,retrained,71,71,0,0,1.0,0.6653016798811924,0.6677479949640037
RF00176,published,23,23,0,0,1.0,0.38073873568033745,0.4300392140508461
RF00176,retrained,23,23,0,0,1.0,0.5569318984309348,0.5724406599009716
RF00179,published,88,88,0,0,1.0,0.31188739448668473,0.3519528351213985
RF00179,retrained,88,88,0,0,1.0,0.3375578245033673,0.3457142969042953
RF00180,published,59,59,0,0,1.0,0.16766773715926253,0.1694382384611997
RF00180,retrained,59,59,0,0,1.0,0.05696125907990314,0.057714898089242
RF00187,published,253,253,0,0,1.0,0.5625018099918565,0.5878442823512248
RF00187,retrained,253,253,0,0,1.0,0.5593427663035015,0.6216547906149821
RF00196,published,4,4,0,0,1.0,0.9664031620553359,0.966979042898807
RF00196,retrained,4,4,0,0,1.0,0.9399358974358974,0.9397678182272375
RF00198,published,185,185,0,0,1.0,0.7347855740439214,0.7476536279348246
RF00198,retrained,185,185,0,0,1.0,0.5453431686961865,0.5476394508910526
RF00201,published,911,911,0,0,1.0,0.36284901752260984,0.37848110861127165
RF00201,retrained,911,911,0,0,1.0,0.3396095488947888,0.3701908142122268
RF00214,published,103,103,0,0,1.0,0.3358803495150889,0.37713656844362226
RF00214,retrained,103,103,0,0,1.0,0.2180263070762905,0.23067829553165925
RF00215,published,30,30,0,0,1.0,0.48948575123212823,0.49823378246997607
RF00215,retrained,30,30,0,0,1.0,0.04919369898497033,0.053796445031563514
RF00218,published,553,553,0,0,1.0,0.3505656937293063,0.37267024225868045
RF00218,retrained,553,553,0,0,1.0,0.32873633797470764,0.40651538884965044
RF00225,published,7,7,0,0,1.0,0.31182472989195675,0.3396334007567376
RF00225,retrained,7,7,0,0,1.0,0.11134021606206522,0.11126109598959086
RF00228,published,20,0,20,0,0.0,,
RF00228,retrained,20,0,20,0,0.0,,
RF00232,published,98,98,0,0,1.0,0.04411545032792208,0.05472911365561967
RF00232,retrained,98,98,0,0,1.0,0.14345628450363052,0.1531547328747934
RF00233,published,60,60,0,0,1.0,0.6575697328693507,0.680370880848865
RF00233,retrained,60,60,0,0,1.0,0.5683244638203646,0.5803366876540377
RF00272,published,487,487,0,0,1.0,0.2921744536531057,0.3086581956037496
RF00272,retrained,487,487,0,0,1.0,0.15333800428718897,0.15331424117100623
RF00292,published,22,22,0,0,1.0,0.13636363636363635,0.1448347270081483
RF00292,retrained,22,22,0,0,1.0,0.0688000452706335,0.08598937422938789
RF00294,published,21,21,0,0,1.0,0.0,-0.0004221141377625491
RF00294,retrained,21,21,0,0,1.0,0.0,-0.0006140856525571721
RF00302,published,895,895,0,0,1.0,0.38302445466254076,0.3974715010049602
RF00302,retrained,895,895,0,0,1.0,0.3915298801322535,0.39214335886047763
RF00303,published,772,772,0,0,1.0,0.4844571266358942,0.49854951585966534
RF00303,retrained,772,772,0,0,1.0,0.14256742343118334,0.1437800913822214
RF00304,published,738,738,0,0,1.0,0.41911147421879497,0.44911502141442355
RF00304,retrained,738,738,0,0,1.0,0.37935527017751114,0.3912693197243284
RF00311,published,74,74,0,0,1.0,0.5819116019782327,0.6028581668586372
RF00311,retrained,74,74,0,0,1.0,0.4869405098291965,0.5434643018019387
RF00313,published,16,16,0,0,1.0,0.798416458151113,0.8090294850592623
RF00313,retrained,16,16,0,0,1.0,0.6155373730026273,0.6605173979695842
RF00320,published,12,12,0,0,1.0,0.40852844051373466,0.42081344766471457
RF00320,retrained,12,12,0,0,1.0,0.4100003946497635,0.462176026472753
RF00321,published,5903,5903,0,0,1.0,0.04461445160811105,0.04563706751715606
RF00321,retrained,5903,5903,0,0,1.0,0.02834766959277032,0.029094911168279346
RF00323,published,3,3,0,0,1.0,0.7555555555555555,0.7563854236627506
RF00323,retrained,3,3,0,0,1.0,0.8232323232323232,0.8289968271498015
RF00329,published,104,104,0,0,1.0,0.6416848585143254,0.6507601624890983
RF00329,retrained,104,104,0,0,1.0,0.5035998256598858,0.509456010297354
RF00336,published,23,23,0,0,1.0,0.5265692381433097,0.5547445108331645
RF00336,retrained,23,23,0,0,1.0,0.08089402344110028,0.08111952830346729
RF00338,published,5,5,0,0,1.0,0.5316666666666666,0.5398421265606757
RF00338,retrained,5,5,0,0,1.0,0.4489687154950313,0.4561761159608862
RF00341,published,512,512,0,0,1.0,0.4949176575451603,0.536004418515515
RF00341,retrained,512,512,0,0,1.0,0.4533726782070081,0.4777783093327185
RF00348,published,91,91,0,0,1.0,0.09173683459397747,0.09443372358756055
RF00348,retrained,91,91,0,0,1.0,0.0784375393813015,0.09833742668787401
RF00349,published,602,602,0,0,1.0,0.6408413238989077,0.6582525817916542
RF00349,retrained,602,602,0,0,1.0,0.5704561892446041,0.6262364207364858
RF00355,published,222,222,0,0,1.0,0.2807927131456542,0.2941088662953352
RF00355,retrained,222,222,0,0,1.0,0.37652167698876554,0.4174491007514137
RF00368,published,231,231,0,0,1.0,0.7530444888542047,0.7613101993558932
RF00368,retrained,231,231,0,0,1.0,0.7015257158613226,0.7033718660050342
RF00374,published,44,44,0,0,1.0,0.4429605070829199,0.49233093316526
RF00374,retrained,44,44,0,0,1.0,0.21807177698688596,0.2335744865689736
RF00383,published,196,196,0,0,1.0,0.4315310268547291,0.45004169664447363
RF00383,retrained,196,196,0,0,1.0,0.2630732387937771,0.2637781510759739
RF00384,published,11,11,0,0,1.0,0.6795809704900614,0.6987957141335684
RF00384,retrained,11,11,0,0,1.0,0.45458718376265944,0.4676652530223682
RF00389,published,41,41,0,0,1.0,0.7598258598711345,0.7786334261699762
RF00389,retrained,41,41,0,0,1.0,0.19687774843131833,0.2452877314927457
RF00393,published,1221,1221,0,0,1.0,0.24578512292657279,0.2745282722426299
RF00393,retrained,1221,1221,0,0,1.0,0.2706718512001738,0.27400607116825826
RF00403,published,557,557,0,0,1.0,0.5932672582806772,0.5977555256890431
RF00403,retrained,557,557,0,0,1.0,0.5231389317450316,0.5264709743643053
RF00420,published,726,726,0,0,1.0,0.4913137561021006,0.5040773723970654
RF00420,retrained,726,726,0,0,1.0,0.34274436923029994,0.345897849356492
RF00421,published,528,528,0,0,1.0,0.4697461332804707,0.4794440241686039
RF00421,retrained,528,528,0,0,1.0,0.4303609179257761,0.4363998430399047
RF00424,published,679,679,0,0,1.0,0.5850143830445969,0.6009124773696438
RF00424,retrained,679,679,0,0,1.0,0.3679089857416204,0.37034913957995313
RF00427,published,354,354,0,0,1.0,0.4424329441181058,0.4620653914931135
RF00427,retrained,354,354,0,0,1.0,0.398877792492711,0.4039241855769901
RF00434,published,28,28,0,0,1.0,0.4992633271715228,0.5503731255862137
RF00434,retrained,28,28,0,0,1.0,0.32434135182763585,0.3519888176044166
RF00448,published,8,8,0,0,1.0,0.5642194045428935,0.5676148871031309
RF00448,retrained,8,8,0,0,1.0,0.11117532385138018,0.10995926018720671
RF00449,published,112,111,1,0,0.9910714285714286,0.4135229047544153,0.41800556820606716
RF00449,retrained,112,111,1,0,0.9910714285714286,0.0691136919887776,0.06953141256907808
RF00457,published,93,93,0,0,1.0,0.5019413966658837,0.5364614976356648
RF00457,retrained,93,93,0,0,1.0,0.30858175434402857,0.31551966406406123
RF00459,published,2777,2777,0,0,1.0,0.19456528963320255,0.2080206105292781
RF00459,retrained,2777,2777,0,0,1.0,0.07799140239959065,0.07865033476854415
RF00460,published,344,344,0,0,1.0,0.7987559276910481,0.8087353157874971
RF00460,retrained,344,344,0,0,1.0,0.2613199245339825,0.2736182978192525
RF00463,published,18,18,0,0,1.0,0.23269385100799397,0.2680243942256618
RF00463,retrained,18,18,0,0,1.0,0.07979911986260405,0.09453192723638179
RF00470,published,29,29,0,0,1.0,0.6189832390447506,0.6208762418209555
RF00470,retrained,29,29,0,0,1.0,0.3396071434155516,0.3399224127812206
RF00484,published,66,66,0,0,1.0,0.4826731887628721,0.5265565110441037
RF00484,retrained,66,66,0,0,1.0,0.1878164715994981,0.19368855320499073
RF00495,published,65,65,0,0,1.0,0.011996878045127106,0.0166577435917684
RF00495,retrained,65,65,0,0,1.0,0.025847814568002617,0.02769248918842754
RF00504,published,25727,25727,0,0,1.0,0.6828970465071732,0.6908287556725791
RF00504,retrained,25727,25727,0,0,1.0,0.3728282685922684,0.3774248344374294
RF00520,published,197,197,0,0,1.0,0.2838632134403203,0.3087721211671927
RF00520,retrained,197,197,0,0,1.0,0.195593724410181,0.20030742223363526
RF00522,published,1444,1444,0,0,1.0,0.7064894765898924,0.7147739421215725
RF00522,retrained,1444,1444,0,0,1.0,0.43523065613256323,0.4433348322590523
RF00533,published,38,38,0,0,1.0,0.04473684210526316,0.05065669627481514
RF00533,retrained,38,38,0,0,1.0,0.10388811942136042,0.12253276812938708
RF00536,published,43,43,0,0,1.0,0.08903654485049833,0.09327814360564302
RF00536,retrained,43,43,0,0,1.0,0.2265292125415245,0.2413986361619309
RF00537,published,46,46,0,0,1.0,0.17603917821309126,0.18162410292315626
RF00537,retrained,46,46,0,0,1.0,0.1324208842936128,0.1575398016535886
RF00538,published,54,54,0,0,1.0,0.49856897965773106,0.519738524254764
RF00538,retrained,54,54,0,0,1.0,0.05888239695429238,0.05976468819104509
RF00541,published,16,16,0,0,1.0,0.2985434934105702,0.31110806232692073
RF00541,retrained,16,16,0,0,1.0,0.16305101862722293,0.16353702967369838
RF00549,published,120,10,110,0,0.08333333333333333,0.04796431995051723,0.06143657428562453
RF00549,retrained,120,10,110,0,0.08333333333333333,0.09720532963280895,0.09749004769163058
RF00550,published,46,46,0,0,1.0,0.44571162550564764,0.46020646359644823
RF00550,retrained,46,46,0,0,1.0,0.0567346126044668,0.06277291418293468
RF00559,published,2354,2354,0,0,1.0,0.36443304554362116,0.39544398650992363
RF00559,retrained,2354,2354,0,0,1.0,0.32377776340121117,0.3331125040390531
RF00582,published,702,702,0,0,1.0,0.5607276947859382,0.5813842265941586
RF00582,retrained,702,702,0,0,1.0,0.38100940306642084,0.38454461904891735
RF00614,published,1555,1555,0,0,1.0,0.38208587144458206,0.4030769711968421
RF00614,retrained,1555,1555,0,0,1.0,0.34279049824510816,0.34436505630673037
RF00616,published,148,148,0,0,1.0,0.809985777193884,0.8147469849963759
RF00616,retrained,148,148,0,0,1.0,0.7652225788016693,0.7718871024499578
RF00620,published,51,51,0,0,1.0,0.5508903624650189,0.5685256690088757
RF00620,retrained,51,51,0,0,1.0,0.5537027419925095,0.5532785056891404
RF00621,published,70,70,0,0,1.0,0.237313920196635,0.24938561178434648
RF00621,retrained,70,70,0,0,1.0,0.1366451998250922,0.137947494178653
RF00630,published,854,854,0,0,1.0,0.829636474136029,0.8359983123693959
RF00630,retrained,854,854,0,0,1.0,0.8070157091052875,0.8102828865058656
RF00635,published,126,126,0,0,1.0,0.0,0.0
RF00635,retrained,126,126,0,0,1.0,0.0,0.0
RF00636,published,492,492,0,0,1.0,0.4038190951062803,0.4187235581261389
RF00636,retrained,492,492,0,0,1.0,0.07924969160477023,0.07862921932682114
RF00652,published,977,977,0,0,1.0,0.0,0.0
RF00652,retrained,977,977,0,0,1.0,0.0,0.0
RF00782,published,2984,2984,0,0,1.0,0.05090815644677326,0.05532498655224301
RF00782,retrained,2984,2984,0,0,1.0,0.04408160786761287,0.04418247594275028
RF00807,published,17,17,0,0,1.0,0.7255462742896543,0.7348912665513757
RF00807,retrained,17,17,0,0,1.0,0.6143135735510142,0.6221610727065692
RF00940,published,4,4,0,0,1.0,0.6019841269841271,0.6005174099916025
RF00940,retrained,4,4,0,0,1.0,0.3040509259259259,0.31032796948619445
RF00957,published,54,54,0,0,1.0,0.47442482874210473,0.4901167414080771
RF00957,retrained,54,54,0,0,1.0,0.42310775856926663,0.4280629144901649
RF00999,published,5,5,0,0,1.0,0.4542114695340501,0.4725796249425077
RF00999,retrained,5,5,0,0,1.0,0.44016492298750365,0.4356445859537028
RF01032,published,11,11,0,0,1.0,0.5878389647870167,0.6177272803744672
RF01032,retrained,11,11,0,0,1.0,0.6291165289421715,0.6339100287244833
RF01051,published,22210,22210,0,0,1.0,0.753680476246396,0.7665052758846075
RF01051,retrained,22210,22210,0,0,1.0,0.4690988750973447,0.48275179475128494
RF01053,published,2,2,0,0,1.0,0.9415598066007989,0.9418213288412907
RF01053,retrained,2,2,0,0,1.0,0.681159420289855,0.6804457313110871
RF01055,published,4355,4355,0,0,1.0,0.5428403412922819,0.571794040385884
RF01055,retrained,4355,4355,0,0,1.0,0.4283515829520685,0.439173368519966
RF01057,published,4964,4964,0,0,1.0,0.7257452871298871,0.7342427555087998
RF01057,retrained,4964,4964,0,0,1.0,0.37763434632363374,0.38378919864163613
RF01073,published,1356,1356,0,0,1.0,0.1371347777124603,0.14322602114841484
RF01073,retrained,1356,1356,0,0,1.0,0.3219996635757637,0.32437092105045373
RF01076,published,3,3,0,0,1.0,0.8444414156558085,0.848999385041476
RF01076,retrained,3,3,0,0,1.0,0.6394993894993894,0.6406104162787006
RF01088,published,3,3,0,0,1.0,0.693032212885154,0.6930794328864979
RF01088,retrained,3,3,0,0,1.0,0.49885057471264366,0.509062429405079
RF01090,published,33,33,0,0,1.0,0.5473360671488403,0.5637878099279225
RF01090,retrained,33,33,0,0,1.0,0.4668707001930097,0.47421137335910724
RF01092,published,1,1,0,0,1.0,0.2857142857142857,0.2829715539534519
RF01092,retrained,1,1,0,0,1.0,0.6666666666666666,0.6823245000192453
RF01094,published,2,2,0,0,1.0,0.8333333333333333,0.8532711328789757
RF01094,retrained,2,2,0,0,1.0,0.48221670802315963,0.5198582414144884
RF01096,published,2,2,0,0,1.0,0.9473684210526315,0.9483676483194755
RF01096,retrained,2,2,0,0,1.0,0.9206349206349206,0.9234861824456944
RF01097,published,1799,1799,0,0,1.0,0.48040470032400384,0.48819723767965906
RF01097,retrained,1799,1799,0,0,1.0,0.4002203594629174,0.4104037132808652
RF01098,published,4,4,0,0,1.0,0.16666666666666666,0.16647890026198386
RF01098,retrained,4,4,0,0,1.0,0.08333333333333333,0.10991408263577106
RF01103,published,2,2,0,0,1.0,1.0,1.0
RF01103,retrained,2,2,0,0,1.0,0.8012820512820513,0.8153253123305537
RF01105,published,1,1,0,0,1.0,0.6666666666666666,0.7030194245105843
RF01105,retrained,1,1,0,0,1.0,0.6153846153846154,0.6618461647704288
RF01108,published,1,1,0,0,1.0,0.0,-0.013953639304648689
RF01108,retrained,1,1,0,0,1.0,0.6666666666666666,0.6662862767969749
RF01113,published,3,3,0,0,1.0,0.0,-0.009256135126674976
RF01113,retrained,3,3,0,0,1.0,0.0,-0.014947239058919698
RF01116,published,550,550,0,0,1.0,0.8446543916550767,0.8497600887165689
RF01116,retrained,550,550,0,0,1.0,0.870961569349117,0.8750392779175657
RF01146,published,2,2,0,0,1.0,0.0,0.0
RF01146,retrained,2,2,0,0,1.0,0.0,0.0
RF01151,published,95,95,0,0,1.0,0.0,0.0
RF01151,retrained,95,95,0,0,1.0,0.0,0.0
RF01155,published,357,357,0,0,1.0,0.0,0.0
RF01155,retrained,357,357,0,0,1.0,0.0,0.0
RF01161,published,300,300,0,0,1.0,0.0,0.0
RF01161,retrained,300,300,0,0,1.0,0.0,0.0
RF01163,published,227,227,0,0,1.0,0.0,0.0
RF01163,retrained,227,227,0,0,1.0,0.0,0.0
RF01167,published,9,9,0,0,1.0,0.0,-0.001655100132101858
RF01167,retrained,9,9,0,0,1.0,0.18503160257546222,0.2051789149064186
RF01174,published,109,109,0,0,1.0,0.0,0.0
RF01174,retrained,109,109,0,0,1.0,0.0,0.0
RF01180,published,36,36,0,0,1.0,0.4760575542054028,0.5176979809132038
RF01180,retrained,36,36,0,0,1.0,0.3390127922833016,0.3515053413404062
RF01193,published,359,359,0,0,1.0,0.4790670632145883,0.5247516315292091
RF01193,retrained,359,359,0,0,1.0,0.4282046972361843,0.5134843892948375
RF01205,published,5,5,0,0,1.0,0.31333333333333335,0.3326997991999684
RF01205,retrained,5,5,0,0,1.0,0.21084797555385792,0.27564654757369084
RF01206,published,538,538,0,0,1.0,0.3871168239886068,0.41151732434885446
RF01206,retrained,538,538,0,0,1.0,0.3314380250080827,0.3394809526231743
RF01210,published,13452,13452,0,0,1.0,0.0,0.0
RF01210,retrained,13452,13452,0,0,1.0,0.0,0.0
RF01216,published,45,45,0,0,1.0,0.1580394913728247,0.18010144817306883
RF01216,retrained,45,45,0,0,1.0,0.13322939529816485,0.20793870873366613
RF01219,published,1696,1696,0,0,1.0,0.20567604915097798,0.22233552160332032
RF01219,retrained,1696,1696,0,0,1.0,0.09770998759404774,0.09696545779569912
RF01220,published,459,459,0,0,1.0,0.44300479313883595,0.4582825663515215
RF01220,retrained,459,459,0,0,1.0,0.4048630911961118,0.40775998561118415
RF01227,published,832,832,0,0,1.0,0.39650616780399217,0.418852048745415
RF01227,retrained,832,832,0,0,1.0,0.28930999571918503,0.2981498799906119
RF01228,published,421,421,0,0,1.0,0.48790715516882566,0.5013947814947212
RF01228,retrained,421,421,0,0,1.0,0.33506133764977364,0.336199298445062
RF01232,published,19,19,0,0,1.0,0.16510039667934406,0.18090852492552748
RF01232,retrained,19,19,0,0,1.0,0.047208931419457735,0.049860933776908284
RF01237,published,31,31,0,0,1.0,0.5585290956461263,0.5698320033284074
RF01237,retrained,31,31,0,0,1.0,0.4410759671387332,0.4426842015674022
RF01240,published,34,34,0,0,1.0,0.5155745503342386,0.5225478288448749
RF01240,retrained,34,34,0,0,1.0,0.30376972711055084,0.30791527045141787
RF01245,published,9,9,0,0,1.0,0.6835813328019941,0.7025294266928256
RF01245,retrained,9,9,0,0,1.0,0.3866843014582067,0.39117588546575205
RF01246,published,6,6,0,0,1.0,0.5876824440790941,0.5916333498872488
RF01246,retrained,6,6,0,0,1.0,0.43929294570730804,0.4410743112001923
RF01247,published,151,151,0,0,1.0,0.24961279985955556,0.2636484529695542
RF01247,retrained,151,151,0,0,1.0,0.22432407423660775,0.22615546336323672
RF01248,published,87,87,0,0,1.0,0.4426928686246998,0.46090507436315264
RF01248,retrained,87,87,0,0,1.0,0.30287515660866593,0.3046078851007774
RF01252,published,79,79,0,0,1.0,0.3435170630318352,0.3592194289142263
RF01252,retrained,79,79,0,0,1.0,0.26383560862543626,0.2664588910838673
RF01254,published,42,42,0,0,1.0,0.24837940279458076,0.2581631946978832
RF01254,retrained,42,42,0,0,1.0,0.196059956574901,0.1963835393116048
RF01260,published,27,27,0,0,1.0,0.3668595369484868,0.3919647103257459
RF01260,retrained,27,27,0,0,1.0,0.2390680961886691,0.2389780152937888
RF01269,published,389,389,0,0,1.0,0.2719876285676885,0.2876188046594672
RF01269,retrained,389,389,0,0,1.0,0.3450807562988309,0.34944970864574276
RF01302,published,672,672,0,0,1.0,0.541536692465966,0.5594692199477889
RF01302,retrained,672,672,0,0,1.0,0.4915121671472524,0.564611252183162
RF01315,published,464,464,0,0,1.0,0.16541949429880462,0.18091372682119475
RF01315,retrained,464,464,0,0,1.0,0.3420542570952588,0.341809640924443
RF01316,published,125,125,0,0,1.0,0.06611428571428572,0.07084512017074839
RF01316,retrained,125,125,0,0,1.0,0.1570444666444666,0.15767189529184578
RF01319,published,57,57,0,0,1.0,0.633077546235441,0.6577103180764226
RF01319,retrained,57,57,0,0,1.0,0.5790603159024216,0.6219400660617229
RF01320,published,159,159,0,0,1.0,0.3886065716254394,0.3997945488959639
RF01320,retrained,159,159,0,0,1.0,0.034420394215066805,0.0297330408902634
RF01327,published,13,13,0,0,1.0,0.0,0.0
RF01327,retrained,13,13,0,0,1.0,0.0,0.0
RF01332,published,9,9,0,0,1.0,0.7955229955229955,0.8107754052581352
RF01332,retrained,9,9,0,0,1.0,0.2769195716564138,0.271580495616002
RF01337,published,101,101,0,0,1.0,0.25421893837735426,0.2570747170349478
RF01337,retrained,101,101,0,0,1.0,0.1095860135464096,0.10090111200486375
RF01339,published,115,115,0,0,1.0,0.39994478951000617,0.48790541451783837
RF01339,retrained,115,115,0,0,1.0,0.6849619945272113,0.7179355674005321
RF01341,published,4,4,0,0,1.0,0.3214285714285714,0.3504590000317775
RF01341,retrained,4,4,0,0,1.0,0.0,-0.004232558907537411
RF01348,published,5,5,0,0,1.0,0.2,0.19679291103480676
RF01348,retrained,5,5,0,0,1.0,0.16,0.15742983431301963
RF01349,published,3,3,0,0,1.0,0.6312636165577342,0.6369070478695588
RF01349,retrained,3,3,0,0,1.0,0.6621285316937491,0.6580527776083575
RF01352,published,54,54,0,0,1.0,0.0,0.0
RF01352,retrained,54,54,0,0,1.0,0.0,0.0
RF01353,published,13,13,0,0,1.0,0.2446886446886447,0.26197733857027666
RF01353,retrained,13,13,0,0,1.0,0.0912087912087912,0.09271893869396232
RF01355,published,5,5,0,0,1.0,0.25555555555555554,0.27324943427189874
RF01355,retrained,5,5,0,0,1.0,0.13333333333333333,0.13868509211608768
RF01360,published,4,4,0,0,1.0,0.95,0.953815567360517
RF01360,retrained,4,4,0,0,1.0,0.8373015873015873,0.8542714171111683
RF01364,published,2,2,0,0,1.0,0.45454545454545453,0.4542597032293678
RF01364,retrained,2,2,0,0,1.0,0.0,-0.0018486846666163391
RF01365,published,1,1,0,0,1.0,0.8571428571428571,0.8556254064600043
RF01365,retrained,1,1,0,0,1.0,0.8333333333333334,0.8438746866143398
RF01366,published,6,6,0,0,1.0,0.9080882352941178,0.9113350849958456
RF01366,retrained,6,6,0,0,1.0,0.7549707602339181,0.7537886529703274
RF01371,published,12,12,0,0,1.0,0.06944444444444445,0.06418848134613235
RF01371,retrained,12,12,0,0,1.0,0.25168650793650793,0.25793966652935524
RF01377,published,1,1,0,0,1.0,0.0,0.0
RF01377,retrained,1,1,0,0,1.0,0.0,-0.006760600502665283
RF01378,published,2,2,0,0,1.0,0.5,0.4971718185123501
RF01378,retrained,2,2,0,0,1.0,0.3375,0.33761919238618254
RF01381,published,20,20,0,0,1.0,0.9597222222222224,0.9617319394395037
RF01381,retrained,20,20,0,0,1.0,0.7963702963702965,0.8106149109634128
RF01385,published,159,159,0,0,1.0,0.12257226990123299,0.13440225339829698
RF01385,retrained,159,159,0,0,1.0,0.08252299949962764,0.08218252136870195
RF01392,published,18,18,0,0,1.0,0.7430407950290989,0.7535378537406908
RF01392,retrained,18,18,0,0,1.0,0.057817560861039126,0.056126505778400025
RF01396,published,547,547,0,0,1.0,0.3467263945522095,0.35796983490191664
RF01396,retrained,547,547,0,0,1.0,0.08154514255643965,0.08252029390978502
RF01398,published,8,8,0,0,1.0,0.9009752461133674,0.9034034770952639
RF01398,retrained,8,8,0,0,1.0,0.4049279702699001,0.42078311673964097
RF01399,published,11,11,0,0,1.0,0.10742423553592519,0.13958624618765003
RF01399,retrained,11,11,0,0,1.0,0.19558953618456945,0.21397894280339444
RF01404,published,2,2,0,0,1.0,0.9827586206896552,0.9829607207919985
RF01404,retrained,2,2,0,0,1.0,0.3598014888337469,0.3594287216164158
RF01406,published,14,14,0,0,1.0,0.803733128109177,0.8098344509331213
RF01406,retrained,14,14,0,0,1.0,0.4926911587325617,0.4932615979616206
RF01410,published,1334,1334,0,0,1.0,0.4299199662943073,0.4530394793922499
RF01410,retrained,1334,1334,0,0,1.0,0.35070079777630914,0.35923545111732946
RF01411,published,591,591,0,0,1.0,0.5803184315032355,0.6075648612628561
RF01411,retrained,591,591,0,0,1.0,0.4701123902585719,0.4776152063662555
RF01414,published,131,131,0,0,1.0,0.5022597581533368,0.5072131464057928
RF01414,retrained,131,131,0,0,1.0,0.453564733884612,0.4610577923228209
RF01440,published,3,3,0,0,1.0,0.6056214317083882,0.6091604077979468
RF01440,retrained,3,3,0,0,1.0,0.32577725862211365,0.32690554295565616
RF01448,published,2,2,0,0,1.0,0.6964285714285714,0.69884022641353
RF01448,retrained,2,2,0,0,1.0,0.34596211365902296,0.35366003697001225
RF01451,published,1,1,0,0,1.0,1.0,1.0
RF01451,retrained,1,1,0,0,1.0,0.2608695652173913,0.2615741814962317
RF01452,published,5,5,0,0,1.0,0.44716113830792265,0.47163416619307397
RF01452,retrained,5,5,0,0,1.0,0.578224957499284,0.5812002233150958
RF01453,published,3,3,0,0,1.0,0.8711321441572624,0.8809067134500301
RF01453,retrained,3,3,0,0,1.0,0.3836129148629149,0.4059738775965244
RF01454,published,3,3,0,0,1.0,0.9213461902060881,0.9226388207853048
RF01454,retrained,3,3,0,0,1.0,0.4113029827315542,0.41164022377455906
RF01462,published,7,7,0,0,1.0,0.827936846784052,0.839459476209966
RF01462,retrained,7,7,0,0,1.0,0.2945484356097071,0.30003430037216205
RF01471,published,47,47,0,0,1.0,0.05797560292162551,0.05874167371970718
RF01471,retrained,47,47,0,0,1.0,0.01530934567824123,0.014690788161124164
RF01475,published,15,15,0,0,1.0,0.5015406013548429,0.5619353459056291
RF01475,retrained,15,15,0,0,1.0,0.052764163372859024,0.05158229565271014
RF01483,published,5,5,0,0,1.0,0.9252345924550192,0.9264869617715004
RF01483,retrained,5,5,0,0,1.0,0.6359651669085631,0.646030234903343
RF01484,published,4,4,0,0,1.0,0.010416666666666666,0.01803191651709485
RF01484,retrained,4,4,0,0,1.0,0.1556828729947282,0.16742231760197035
RF01507,published,317,317,0,0,1.0,0.0,0.0
RF01507,retrained,317,317,0,0,1.0,0.0,0.0
RF01508,published,8,8,0,0,1.0,0.4788408447898988,0.531463603297683
RF01508,retrained,8,8,0,0,1.0,0.3450835804635571,0.36431766475503147
RF01515,published,516,516,0,0,1.0,0.0,0.0
RF01515,retrained,516,516,0,0,1.0,0.0,0.0
RF01517,published,154,154,0,0,1.0,0.5811078675918137,0.5956215379570112
RF01517,retrained,154,154,0,0,1.0,0.3056703393693626,0.31083560509600355
RF01519,published,50,50,0,0,1.0,0.9004674965333193,0.9031745041122321
RF01519,retrained,50,50,0,0,1.0,0.8714816091612427,0.8780609715942106
RF01520,published,6,6,0,0,1.0,0.43650986359319693,0.44181274477627946
RF01520,retrained,6,6,0,0,1.0,0.28280796352484194,0.2831904253967603
RF01521,published,67,67,0,0,1.0,0.8110623562083402,0.8211115923034266
RF01521,retrained,67,67,0,0,1.0,0.8189076456960155,0.8229783221790962
RF01524,published,17,17,0,0,1.0,0.6150085176154125,0.63223744024698
RF01524,retrained,17,17,0,0,1.0,0.5548758358265655,0.5599339933014138
RF01532,published,17,17,0,0,1.0,0.7915233082089181,0.794923163249763
RF01532,retrained,17,17,0,0,1.0,0.5570677283582606,0.557713662617403
RF01538,published,20,20,0,0,1.0,0.2409593718986573,0.27856875411427234
RF01538,retrained,20,20,0,0,1.0,0.30171303730134513,0.3220551518587137
RF01540,published,26,26,0,0,1.0,0.6377043298501925,0.6495860545298104
RF01540,retrained,26,26,0,0,1.0,0.4791539274485767,0.47917249014999314
RF01542,published,14,14,0,0,1.0,0.23558423161234537,0.2649801634496002
RF01542,retrained,14,14,0,0,1.0,0.21188752373573208,0.2209779794461379
RF01548,published,28,28,0,0,1.0,0.8353679008567896,0.8434753257361752
RF01548,retrained,28,28,0,0,1.0,0.4597030418258198,0.47180619289664955
RF01549,published,22,22,0,0,1.0,0.7508293765763038,0.7647063515198774
RF01549,retrained,22,22,0,0,1.0,0.5912708795237213,0.595499369646942
RF01554,published,23,23,0,0,1.0,0.5972582282288985,0.615394204480982
RF01554,retrained,23,23,0,0,1.0,0.47963306625595753,0.49662123014038073
RF01558,published,15,15,0,0,1.0,0.6504585473468129,0.6665062078150995
RF01558,retrained,15,15,0,0,1.0,0.4637065338712618,0.4782973058788929
RF01560,published,6,6,0,0,1.0,0.0,0.0
RF01560,retrained,6,6,0,0,1.0,0.0,0.0
RF01564,published,1,1,0,0,1.0,0.0,0.0
RF01564,retrained,1,1,0,0,1.0,0.0,0.0
RF01568,published,2,2,0,0,1.0,0.917910447761194,0.9180687246598497
RF01568,retrained,2,2,0,0,1.0,0.4747983870967742,0.47840665625895484
RF01573,published,2,2,0,0,1.0,0.0,0.0
RF01573,retrained,2,2,0,0,1.0,0.0,0.0
RF01576,published,1,1,0,0,1.0,0.0,0.0
RF01576,retrained,1,1,0,0,1.0,0.0,0.0
RF01585,published,14,14,0,0,1.0,0.14523809523809522,0.15308120551872167
RF01585,retrained,14,14,0,0,1.0,0.0,-0.0012564140567041299
RF01595,published,13,13,0,0,1.0,0.13675213675213674,0.13669842848498404
RF01595,retrained,13,13,0,0,1.0,0.0,-0.001108953191478364
RF01597,published,17,17,0,0,1.0,0.4404830463653992,0.45589792182885996
RF01597,retrained,17,17,0,0,1.0,0.09180035650623886,0.09287259903652742
RF01610,published,20,20,0,0,1.0,0.7155249730007317,0.7193982423901278
RF01610,retrained,20,20,0,0,1.0,0.583446945624173,0.5869691806830903
RF01614,published,10,10,0,0,1.0,0.6321193789323102,0.6375158151302903
RF01614,retrained,10,10,0,0,1.0,0.462434974038248,0.46203738048092424
RF01620,published,18,18,0,0,1.0,0.6656969544152019,0.6766965288533879
RF01620,retrained,18,18,0,0,1.0,0.56700001310271,0.5706075450570051
RF01624,published,11,11,0,0,1.0,0.44285714285714284,0.4515947885624811
RF01624,retrained,11,11,0,0,1.0,0.0,-0.0014298669025509074
RF01627,published,27,27,0,0,1.0,0.300072079508145,0.3232442838232088
RF01627,retrained,27,27,0,0,1.0,0.3992206589323128,0.3998575213442603
RF01628,published,8,8,0,0,1.0,0.7457310343802671,0.7522622718460703
RF01628,retrained,8,8,0,0,1.0,0.5679346354306345,0.5681306598508996
RF01630,published,35,35,0,0,1.0,0.4927464788286856,0.5659154859998998
RF01630,retrained,35,35,0,0,1.0,0.2914773723651527,0.4053188014011273
RF01637,published,58,58,0,0,1.0,0.2937418757336611,0.3859775908116869
RF01637,retrained,58,58,0,0,1.0,0.19549482451887182,0.3194661433227657
RF01649,published,9,9,0,0,1.0,0.7067699252918467,0.7306125006825434
RF01649,retrained,9,9,0,0,1.0,0.5668503920506662,0.5712537333479225
RF01651,published,10,10,0,0,1.0,0.5225055646108278,0.558351770394703
RF01651,retrained,10,10,0,0,1.0,0.4053993943199341,0.5034049116512619
RF01655,published,22,22,0,0,1.0,0.136798652205231,0.17738719358632082
RF01655,retrained,22,22,0,0,1.0,0.393969491876677,0.4068558699751892
RF01659,published,9,9,0,0,1.0,0.31138149943244076,0.3190980400009965
RF01659,retrained,9,9,0,0,1.0,0.2312063403775464,0.22937763337297426
RF01665,published,2,2,0,0,1.0,0.821969696969697,0.8284601814302643
RF01665,retrained,2,2,0,0,1.0,0.6107419712070875,0.623791290647816
RF01668,published,705,705,0,0,1.0,0.27153316422183743,0.3040633235292347
RF01668,retrained,705,705,0,0,1.0,0.16019527579178558,0.16547289676138824
RF01669,published,564,564,0,0,1.0,0.32330525798325394,0.3434819310890027
RF01669,retrained,564,564,0,0,1.0,0.23072284215223254,0.23234394467716776
RF01671,published,25,25,0,0,1.0,0.22456787364437075,0.23891224630815533
RF01671,retrained,25,25,0,0,1.0,0.021049048037016693,0.019617760263418316
RF01680,published,2,2,0,0,1.0,0.717948717948718,0.7603277719322219
RF01680,retrained,2,2,0,0,1.0,0.23992673992673993,0.3385780998334671
RF01686,published,52,52,0,0,1.0,0.8728602956700284,0.873112041294491
RF01686,retrained,52,52,0,0,1.0,0.8475837167870455,0.8486419472721434
RF01690,published,12943,12943,0,0,1.0,0.6974426325953204,0.711244566312294
RF01690,retrained,12943,12943,0,0,1.0,0.5735289298950338,0.5784991976460432
RF01691,published,237,237,0,0,1.0,0.8098483887607358,0.8149291147212269
RF01691,retrained,237,237,0,0,1.0,0.6327223345293963,0.6420846175409933
RF01692,published,662,662,0,0,1.0,0.2995167847734955,0.3212072367591157
RF01692,retrained,662,662,0,0,1.0,0.1501021232587936,0.15232180829969522
RF01697,published,142,142,0,0,1.0,0.7935569342804358,0.8083130248225647
RF01697,retrained,142,142,0,0,1.0,0.5623435460972513,0.5860654400560482
RF01701,published,1406,1406,0,0,1.0,0.7323885088757595,0.7389996806591648
RF01701,retrained,1406,1406,0,0,1.0,0.5420286679545833,0.5483532482520872
RF01706,published,7139,7139,0,0,1.0,0.7040851673142579,0.7097264711593428
RF01706,retrained,7139,7139,0,0,1.0,0.5430167349014993,0.5440941327413406
RF01711,published,62,62,0,0,1.0,0.5440779650457072,0.5517334251807628
RF01711,retrained,62,62,0,0,1.0,0.14442779358432492,0.14623498694618514
RF01716,published,37,37,0,0,1.0,0.8297735122072181,0.8392287101328799
RF01716,retrained,37,37,0,0,1.0,0.8762470853775203,0.8785828317745225
RF01721,published,677,677,0,0,1.0,0.7880289597412534,0.7930528424169352
RF01721,retrained,677,677,0,0,1.0,0.646498760826337,0.6488919286994831
RF01724,published,92,92,0,0,1.0,0.6764890897055859,0.6863606851713083
RF01724,retrained,92,92,0,0,1.0,0.5888462896853913,0.594440582226715
RF01733,published,109,109,0,0,1.0,0.8836167021224666,0.8862679408727231
RF01733,retrained,109,109,0,0,1.0,0.8405872928366013,0.8423507883709432
RF01737,published,14,14,0,0,1.0,0.8858776272076766,0.8856543098592221
RF01737,retrained,14,14,0,0,1.0,0.7464069135086534,0.7456591525806733
RF01744,published,81,81,0,0,1.0,0.7077342753231853,0.7276273305683292
RF01744,retrained,81,81,0,0,1.0,0.39307460107795356,0.3980150173139453
RF01747,published,2680,2680,0,0,1.0,0.8557411285861841,0.8597237834379805
RF01747,retrained,2680,2680,0,0,1.0,0.7874619869795725,0.7900467902635043
RF01749,published,1708,1708,0,0,1.0,0.6837779629613068,0.7002424069872731
RF01749,retrained,1708,1708,0,0,1.0,0.36092461037847823,0.373986252025255
RF01750,published,10393,10393,0,0,1.0,0.6623813696836277,0.6831389699300446
RF01750,retrained,10393,10393,0,0,1.0,0.24565657102018593,0.25569284739870707
RF01754,published,1394,1394,0,0,1.0,0.7279694924917225,0.7380719440327049
RF01754,retrained,1394,1394,0,0,1.0,0.4604130864122107,0.4630331919721157
RF01761,published,156,156,0,0,1.0,0.8015447027059895,0.808811955567708
RF01761,retrained,156,156,0,0,1.0,0.5229882966425886,0.5299865410857075
RF01767,published,479,479,0,0,1.0,0.6343318750571387,0.6457313453292841
RF01767,retrained,479,479,0,0,1.0,0.2922416162801571,0.2967298952642306
RF01771,published,175,175,0,0,1.0,0.7056725741384597,0.7124458830637851
RF01771,retrained,175,175,0,0,1.0,0.6346295197783973,0.6381243476011448
RF01778,published,289,289,0,0,1.0,0.0,0.0
RF01778,retrained,289,289,0,0,1.0,0.0,0.0
RF01779,published,2,2,0,0,1.0,0.8466819221967963,0.8542292243729386
RF01779,retrained,2,2,0,0,1.0,0.06451612903225806,0.06999213235477633
RF01782,published,24531,24531,0,0,1.0,0.32233312374491385,0.3477139209706728
RF01782,retrained,24531,24531,0,0,1.0,0.12523932230187362,0.12552447017045626
RF01784,published,168,168,0,0,1.0,0.3489711103496644,0.37656138998798944
RF01784,retrained,168,168,0,0,1.0,0.1049304143074859,0.11093488912463266
RF01785,published,7,7,0,0,1.0,0.7549783549783549,0.7670807142989773
RF01785,retrained,7,7,0,0,1.0,0.847462061747776,0.8487053554412896
RF01786,published,3655,3655,0,0,1.0,0.5402303503869569,0.572736754153939
RF01786,retrained,3655,3655,0,0,1.0,0.5215382742588899,0.5326826858496868
RF01792,published,5,5,0,0,1.0,0.46111111111111114,0.49268209608049274
RF01792,retrained,5,5,0,0,1.0,0.7983838383838383,0.8009718308531276
RF01793,published,2083,2083,0,0,1.0,0.9303446412743828,0.9321264078015665
RF01793,retrained,2083,2083,0,0,1.0,0.6820217907161468,0.6881205114385897
RF01795,published,33,33,0,0,1.0,0.16071222604360724,0.23910818273448797
RF01795,retrained,33,33,0,0,1.0,0.39714239256499195,0.4482404728916702
RF01807,published,13,13,0,0,1.0,0.20443873747464575,0.21625316013993914
RF01807,retrained,13,13,0,0,1.0,0.21283514906012863,0.21175074997275395
RF01814,published,497,497,0,0,1.0,0.8843489793729998,0.8881225883978919
RF01814,retrained,497,497,0,0,1.0,0.6806982638306813,0.7061157996808981
RF01817,published,2,2,0,0,1.0,0.9347826086956521,0.9347272445011037
RF01817,retrained,2,2,0,0,1.0,0.5076923076923077,0.512370825336095
RF01819,published,50,50,0,0,1.0,0.7376140369958367,0.7381514535478914
RF01819,retrained,50,50,0,0,1.0,0.558597883767612,0.5595678375277475
RF01826,published,483,483,0,0,1.0,0.1589829527155259,0.16837683898487038
RF01826,retrained,483,483,0,0,1.0,0.18571536143216813,0.1956212314524505
RF01827,published,398,398,0,0,1.0,0.5487123959137464,0.5787311679413932
RF01827,retrained,398,398,0,0,1.0,0.3101025929124947,0.3156232300141815
RF01830,published,650,650,0,0,1.0,0.4493142714165355,0.4536718594756631
RF01830,retrained,650,650,0,0,1.0,0.2722463359504517,0.27525235206358417
RF01832,published,253,253,0,0,1.0,0.6713739191943384,0.6938166054392194
RF01832,retrained,253,253,0,0,1.0,0.2286943025090109,0.24666437672606872
RF01834,published,5,5,0,0,1.0,0.125,0.126719545066954
RF01834,retrained,5,5,0,0,1.0,0.6705128205128205,0.7076582496312834
RF01840,published,16,16,0,0,1.0,0.013157894736842105,0.00831111853763261
RF01840,retrained,16,16,0,0,1.0,0.08146167557932264,0.07725306400116452
RF01842,published,15,15,0,0,1.0,0.801251437773177,0.8035916719884405
RF01842,retrained,15,15,0,0,1.0,0.7069804558260331,0.7099380569892512
RF01843,published,3,3,0,0,1.0,0.8050065876152832,0.8137844191459749
RF01843,retrained,3,3,0,0,1.0,0.5623781676413255,0.603938741531392
RF01865,published,4,4,0,0,1.0,0.6150791156918608,0.629138876343167
RF01865,retrained,4,4,0,0,1.0,0.14523809523809522,0.15899699292768535
RF01875,published,100,100,0,0,1.0,0.0,0.0
RF01875,retrained,100,100,0,0,1.0,0.0,0.0
RF01876,published,69,69,0,0,1.0,0.0,0.0
RF01876,retrained,69,69,0,0,1.0,0.0,0.0
RF01877,published,125,125,0,0,1.0,0.0,0.0
RF01877,retrained,125,125,0,0,1.0,0.0,0.0
RF01880,published,76,76,0,0,1.0,0.0,0.0
RF01880,retrained,76,76,0,0,1.0,0.0,0.0
RF01883,published,97,97,0,0,1.0,0.0,0.0
RF01883,retrained,97,97,0,0,1.0,0.0,0.0
RF01889,published,8,8,0,0,1.0,0.0,0.0
RF01889,retrained,8,8,0,0,1.0,0.0,0.0
RF01891,published,139,139,0,0,1.0,0.0,0.0
RF01891,retrained,139,139,0,0,1.0,0.0,0.0
RF01892,published,123,123,0,0,1.0,0.0,0.0
RF01892,retrained,123,123,0,0,1.0,0.0,0.0
RF01904,published,36,36,0,0,1.0,0.0,0.0
RF01904,retrained,36,36,0,0,1.0,0.0,0.0
RF01928,published,104,104,0,0,1.0,0.0,0.0
RF01928,retrained,104,104,0,0,1.0,0.0,0.0
RF01932,published,16,16,0,0,1.0,0.0,0.0
RF01932,retrained,16,16,0,0,1.0,0.0,0.0
RF01934,published,14,14,0,0,1.0,0.0,0.0
RF01934,retrained,14,14,0,0,1.0,0.0,0.0
RF01950,published,99,99,0,0,1.0,0.0,0.0
RF01950,retrained,99,99,0,0,1.0,0.0,0.0
RF01952,published,70,70,0,0,1.0,0.0,0.0
RF01952,retrained,70,70,0,0,1.0,0.0,0.0
RF01955,published,173,173,0,0,1.0,0.0,0.0
RF01955,retrained,173,173,0,0,1.0,0.0,0.0
RF01957,published,179,179,0,0,1.0,0.0,0.0
RF01957,retrained,179,179,0,0,1.0,0.0,0.0
RF01962,published,84,84,0,0,1.0,0.0,0.0
RF01962,retrained,84,84,0,0,1.0,0.0,0.0
RF01964,published,87,87,0,0,1.0,0.0,0.0
RF01964,retrained,87,87,0,0,1.0,0.0,0.0
RF01967,published,456,456,0,0,1.0,0.0,0.0
RF01967,retrained,456,456,0,0,1.0,0.0,0.0
RF01969,published,367,367,0,0,1.0,0.0,0.0
RF01969,retrained,367,367,0,0,1.0,0.0,0.0
RF01971,published,118,118,0,0,1.0,0.0,0.0
RF01971,retrained,118,118,0,0,1.0,0.0,0.0
RF01973,published,73,73,0,0,1.0,0.0,0.0
RF01973,retrained,73,73,0,0,1.0,0.0,0.0
RF01975,published,91,91,0,0,1.0,0.0,0.0
RF01975,retrained,91,91,0,0,1.0,0.0,0.0
RF01976,published,446,446,0,0,1.0,0.0,0.0
RF01976,retrained,446,446,0,0,1.0,0.0,0.0
RF01977,published,66,66,0,0,1.0,0.0,0.0
RF01977,retrained,66,66,0,0,1.0,0.0,0.0
RF01978,published,94,94,0,0,1.0,0.0,0.0
RF01978,retrained,94,94,0,0,1.0,0.0,0.0
RF01979,published,95,95,0,0,1.0,0.0,0.0
RF01979,retrained,95,95,0,0,1.0,0.0,0.0
RF01981,published,106,106,0,0,1.0,0.0,0.0
RF01981,retrained,106,106,0,0,1.0,0.0,0.0
RF01983,published,115,115,0,0,1.0,0.0,0.0
RF01983,retrained,115,115,0,0,1.0,0.0,0.0
RF01984,published,322,322,0,0,1.0,0.0,0.0
RF01984,retrained,322,322,0,0,1.0,0.0,0.0
RF01986,published,145,145,0,0,1.0,0.0,0.0
RF01986,retrained,145,145,0,0,1.0,0.0,0.0
RF01992,published,111,111,0,0,1.0,0.0,0.0
RF01992,retrained,111,111,0,0,1.0,0.0,0.0
RF02016,published,10,10,0,0,1.0,0.5471457360614306,0.565282770691635
RF02016,retrained,10,10,0,0,1.0,0.06695557491289199,0.0725987522513227
RF02033,published,4544,4544,0,0,1.0,0.3664870398119104,0.3883893928005244
RF02033,retrained,4544,4544,0,0,1.0,0.26089892001776355,0.26399118106907876
RF02037,published,45,45,0,0,1.0,0.7627104891571856,0.7760428988125858
RF02037,retrained,45,45,0,0,1.0,0.7799810556027741,0.7847961974211534
RF02038,published,98,98,0,0,1.0,0.0,0.0
RF02038,retrained,98,98,0,0,1.0,0.0,0.0
RF02039,published,110,110,0,0,1.0,0.0,0.0
RF02039,retrained,110,110,0,0,1.0,0.0,0.0
RF02040,published,70,70,0,0,1.0,0.0,0.0
RF02040,retrained,70,70,0,0,1.0,0.0,0.0
RF02041,published,449,449,0,0,1.0,0.0,0.0
RF02041,retrained,449,449,0,0,1.0,0.0,0.0
RF02044,published,21,21,0,0,1.0,0.0,0.0
RF02044,retrained,21,21,0,0,1.0,0.0,0.0
RF02047,published,258,258,0,0,1.0,0.0,0.0
RF02047,retrained,258,258,0,0,1.0,0.0,0.0
RF02049,published,5,5,0,0,1.0,0.6319694157909959,0.6496820254612949
RF02049,retrained,5,5,0,0,1.0,0.24613734799267034,0.27387077989574155
RF02052,published,26,26,0,0,1.0,0.6537710050448864,0.6637407253063117
RF02052,retrained,26,26,0,0,1.0,0.43491769686526166,0.43608495325180885
RF02062,published,4,4,0,0,1.0,0.9265746335961746,0.9276018208477663
RF02062,retrained,4,4,0,0,1.0,0.45055089956567784,0.4647744424476969
RF02070,published,6,6,0,0,1.0,0.882741218815413,0.8871583695404271
RF02070,retrained,6,6,0,0,1.0,0.3571809726221491,0.3806038421781885
RF02072,published,4,4,0,0,1.0,0.8136607142857143,0.8328103015168113
RF02072,retrained,4,4,0,0,1.0,0.0,-0.0009794081161750329
RF02080,published,6,6,0,0,1.0,0.696958318575914,0.7033258944395125
RF02080,retrained,6,6,0,0,1.0,0.16396543124405866,0.16423864877879213
RF02085,published,14,14,0,0,1.0,0.0,0.0
RF02085,retrained,14,14,0,0,1.0,0.0,0.0
RF02086,published,12,12,0,0,1.0,0.0,0.0
RF02086,retrained,12,12,0,0,1.0,0.0,0.0
RF02087,published,9,9,0,0,1.0,0.0,0.0
RF02087,retrained,9,9,0,0,1.0,0.0,0.0
RF02089,published,82,82,0,0,1.0,0.0,0.0
RF02089,retrained,82,82,0,0,1.0,0.0,0.0
RF02091,published,185,185,0,0,1.0,0.0,0.0
RF02091,retrained,185,185,0,0,1.0,0.0,0.0
RF02099,published,1,1,0,0,1.0,0.5225225225225225,0.5313159554330705
RF02099,retrained,1,1,0,0,1.0,0.3968253968253968,0.3960360958778424
RF02104,published,83,83,0,0,1.0,0.0,0.0
RF02104,retrained,83,83,0,0,1.0,0.0,0.0
RF02106,published,77,77,0,0,1.0,0.0,0.0
RF02106,retrained,77,77,0,0,1.0,0.0,0.0
RF02109,published,309,309,0,0,1.0,0.0,0.0
RF02109,retrained,309,309,0,0,1.0,0.0,0.0
RF02110,published,191,191,0,0,1.0,0.0,0.0
RF02110,retrained,191,191,0,0,1.0,0.0,0.0
RF02111,published,180,180,0,0,1.0,0.10400127767657796,0.10458353779231316
RF02111,retrained,180,180,0,0,1.0,0.024056058021432878,0.023501955729741918
RF02112,published,126,126,0,0,1.0,0.0,0.0
RF02112,retrained,126,126,0,0,1.0,0.0,0.0
RF02113,published,118,118,0,0,1.0,0.0,0.0
RF02113,retrained,118,118,0,0,1.0,0.0,0.0
RF02116,published,110,110,0,0,1.0,0.0,0.0
RF02116,retrained,110,110,0,0,1.0,0.0,0.0
RF02120,published,75,75,0,0,1.0,0.0,0.0
RF02120,retrained,75,75,0,0,1.0,0.0,0.0
RF02124,published,132,132,0,0,1.0,0.0,0.0
RF02124,retrained,132,132,0,0,1.0,0.0,0.0
RF02125,published,58,58,0,0,1.0,0.0,0.0
RF02125,retrained,58,58,0,0,1.0,0.0,0.0
RF02126,published,65,65,0,0,1.0,0.0,0.0
RF02126,retrained,65,65,0,0,1.0,0.0,0.0
RF02127,published,108,108,0,0,1.0,0.0,0.0
RF02127,retrained,108,108,0,0,1.0,0.0,0.0
RF02128,published,96,96,0,0,1.0,0.0,0.0
RF02128,retrained,96,96,0,0,1.0,0.0,0.0
RF02133,published,85,85,0,0,1.0,0.0,0.0
RF02133,retrained,85,85,0,0,1.0,0.0,0.0
RF02136,published,14,14,0,0,1.0,0.0,0.0
RF02136,retrained,14,14,0,0,1.0,0.0,0.0
RF02139,published,92,92,0,0,1.0,0.0,0.0
RF02139,retrained,92,92,0,0,1.0,0.0,0.0
RF02140,published,381,381,0,0,1.0,0.0,0.0
RF02140,retrained,381,381,0,0,1.0,0.0,0.0
RF02143,published,109,109,0,0,1.0,0.0,0.0
RF02143,retrained,109,109,0,0,1.0,0.0,0.0
RF02145,published,93,93,0,0,1.0,0.0,0.0
RF02145,retrained,93,93,0,0,1.0,0.0,0.0
RF02146,published,86,86,0,0,1.0,0.0,0.0
RF02146,retrained,86,86,0,0,1.0,0.0,0.0
RF02148,published,103,103,0,0,1.0,0.0,0.0
RF02148,retrained,103,103,0,0,1.0,0.0,0.0
RF02155,published,15,15,0,0,1.0,0.0,0.0
RF02155,retrained,15,15,0,0,1.0,0.0,0.0
RF02156,published,91,91,0,0,1.0,0.0,0.0
RF02156,retrained,91,91,0,0,1.0,0.0,0.0
RF02158,published,99,99,0,0,1.0,0.0,0.0
RF02158,retrained,99,99,0,0,1.0,0.0,0.0
RF02168,published,111,111,0,0,1.0,0.0,0.0
RF02168,retrained,111,111,0,0,1.0,0.0,0.0
RF02169,published,84,84,0,0,1.0,0.0,0.0
RF02169,retrained,84,84,0,0,1.0,0.0,0.0
RF02173,published,118,118,0,0,1.0,0.0,0.0
RF02173,retrained,118,118,0,0,1.0,0.0,0.0
RF02174,published,90,90,0,0,1.0,0.0,0.0
RF02174,retrained,90,90,0,0,1.0,0.0,0.0
RF02176,published,108,108,0,0,1.0,0.0,0.0
RF02176,retrained,108,108,0,0,1.0,0.0,0.0
RF02177,published,63,63,0,0,1.0,0.0,0.0
RF02177,retrained,63,63,0,0,1.0,0.0,0.0
RF02180,published,87,87,0,0,1.0,0.0,0.0
RF02180,retrained,87,87,0,0,1.0,0.0,0.0
RF02184,published,44,44,0,0,1.0,0.0,0.0
RF02184,retrained,44,44,0,0,1.0,0.0,0.0
RF02185,published,101,101,0,0,1.0,0.0,0.0
RF02185,retrained,101,101,0,0,1.0,0.0,0.0
RF02186,published,13,13,0,0,1.0,0.0,0.0
RF02186,retrained,13,13,0,0,1.0,0.0,0.0
RF02188,published,110,110,0,0,1.0,0.0,0.0
RF02188,retrained,110,110,0,0,1.0,0.0,0.0
RF02189,published,117,117,0,0,1.0,0.0,0.0
RF02189,retrained,117,117,0,0,1.0,0.0,0.0
RF02193,published,109,109,0,0,1.0,0.0,0.0
RF02193,retrained,109,109,0,0,1.0,0.0,0.0
RF02196,published,74,74,0,0,1.0,0.0,0.0
RF02196,retrained,74,74,0,0,1.0,0.0,0.0
RF02202,published,8,8,0,0,1.0,0.0,0.0
RF02202,retrained,8,8,0,0,1.0,0.0,0.0
RF02206,published,86,86,0,0,1.0,0.0,0.0
RF02206,retrained,86,86,0,0,1.0,0.0,0.0
RF02209,published,403,403,0,0,1.0,0.0,0.0
RF02209,retrained,403,403,0,0,1.0,0.0,0.0
RF02211,published,15,15,0,0,1.0,0.0,0.0
RF02211,retrained,15,15,0,0,1.0,0.0,0.0
RF02212,published,69,69,0,0,1.0,0.0,0.0
RF02212,retrained,69,69,0,0,1.0,0.0,0.0
RF02213,published,23,23,0,0,1.0,0.0,0.0
RF02213,retrained,23,23,0,0,1.0,0.0,0.0
RF02216,published,182,182,0,0,1.0,0.0,0.0
RF02216,retrained,182,182,0,0,1.0,0.0,0.0
RF02217,published,17,17,0,0,1.0,0.0,0.0
RF02217,retrained,17,17,0,0,1.0,0.0,0.0
RF02220,published,22,22,0,0,1.0,0.0,0.0
RF02220,retrained,22,22,0,0,1.0,0.0,0.0
RF02222,published,38,38,0,0,1.0,0.8173359726764547,0.8170415709419467
RF02222,retrained,38,38,0,0,1.0,0.46611140197921763,0.46947334448778166
RF02224,published,84,84,0,0,1.0,0.10281134546333187,0.1068167736027634
RF02224,retrained,84,84,0,0,1.0,0.3358993802217028,0.3500856754716514
RF02227,published,68,68,0,0,1.0,0.6901166930671384,0.7138850900742956
RF02227,retrained,68,68,0,0,1.0,0.6180649490934227,0.6282892397642673
RF02228,published,1957,1957,0,0,1.0,0.23265282686148966,0.2633921796742511
RF02228,retrained,1957,1957,0,0,1.0,0.06696258401618646,0.07437538085620476
RF02234,published,166,166,0,0,1.0,0.5168230213799875,0.5407229523345652
RF02234,retrained,166,166,0,0,1.0,0.43282130797701335,0.4377923869972881
RF02235,published,305,305,0,0,1.0,0.7326426746996307,0.7488834904801532
RF02235,retrained,305,305,0,0,1.0,0.6569559942520611,0.6650838072473455
RF02237,published,5,5,0,0,1.0,0.09507042253521128,0.11349607362851097
RF02237,retrained,5,5,0,0,1.0,0.09218390804597701,0.09057695199326649
RF02240,published,74,74,0,0,1.0,0.6883482847584996,0.7110528883534117
RF02240,retrained,74,74,0,0,1.0,0.48338354085902285,0.5005027456883756
RF02241,published,35,35,0,0,1.0,0.7209640796656962,0.7297077999524131
RF02241,retrained,35,35,0,0,1.0,0.8196080726176161,0.8203388803106715
RF02242,published,205,205,0,0,1.0,0.3359218655376352,0.3616177526900824
RF02242,retrained,205,205,0,0,1.0,0.0770472078838319,0.07797296843616314
RF02246,published,93,93,0,0,1.0,0.0,0.0
RF02246,retrained,93,93,0,0,1.0,0.0,0.0
RF02248,published,79,79,0,0,1.0,0.0,0.0
RF02248,retrained,79,79,0,0,1.0,0.0,0.0
RF02250,published,360,360,0,0,1.0,0.0,0.0
RF02250,retrained,360,360,0,0,1.0,0.0,0.0
RF02251,published,37,37,0,0,1.0,0.0,0.0
RF02251,retrained,37,37,0,0,1.0,0.0,0.0
RF02255,published,11,11,0,0,1.0,0.0,0.0
RF02255,retrained,11,11,0,0,1.0,0.0,0.0
RF02256,published,6,6,0,0,1.0,0.0,0.0
RF02256,retrained,6,6,0,0,1.0,0.0,0.0
RF02267,published,128,18,110,0,0.140625,0.0,0.0
RF02267,retrained,128,18,110,0,0.140625,0.0,0.0
RF02270,published,3,3,0,0,1.0,0.8624338624338624,0.8775767977802742
RF02270,retrained,3,3,0,0,1.0,0.46471471471471476,0.5081510069039104
RF02276,published,1303,1303,0,0,1.0,0.6348558814755195,0.6497016250222963
RF02276,retrained,1303,1303,0,0,1.0,0.5722921944498254,0.5737949508188895
RF02281,published,2,2,0,0,1.0,0.0,0.0
RF02281,retrained,2,2,0,0,1.0,0.0,0.0
RF02282,published,1,1,0,0,1.0,0.0,0.0
RF02282,retrained,1,1,0,0,1.0,0.0,0.0
RF02289,published,1,1,0,0,1.0,0.0,0.0
RF02289,retrained,1,1,0,0,1.0,0.0,0.0
RF02292,published,1,1,0,0,1.0,0.0,0.0
RF02292,retrained,1,1,0,0,1.0,0.0,0.0
RF02298,published,1,1,0,0,1.0,0.0,0.0
RF02298,retrained,1,1,0,0,1.0,0.0,0.0
RF02302,published,2,2,0,0,1.0,0.0,0.0
RF02302,retrained,2,2,0,0,1.0,0.0,0.0
RF02304,published,1,1,0,0,1.0,0.0,0.0
RF02304,retrained,1,1,0,0,1.0,0.0,0.0
RF02306,published,1,1,0,0,1.0,0.0,0.0
RF02306,retrained,1,1,0,0,1.0,0.0,0.0
RF02310,published,1,1,0,0,1.0,1.0,1.0
RF02310,retrained,1,1,0,0,1.0,0.5675675675675675,0.5672538246510581
RF02314,published,2,2,0,0,1.0,0.21719901719901719,0.26584031431012045
RF02314,retrained,2,2,0,0,1.0,0.18781094527363185,0.18466127382512967
RF02317,published,1,1,0,0,1.0,0.6818181818181818,0.6812184814591878
RF02317,retrained,1,1,0,0,1.0,0.7636363636363637,0.772974104149651
RF02319,published,1,1,0,0,1.0,0.9876543209876543,0.987671321797971
RF02319,retrained,1,1,0,0,1.0,0.6086956521739131,0.6150735807888837
RF02321,published,1,1,0,0,1.0,0.9565217391304348,0.9572628694657813
RF02321,retrained,1,1,0,0,1.0,0.75,0.7550647110768195
RF02324,published,1,1,0,0,1.0,0.6,0.6004940422040643
RF02324,retrained,1,1,0,0,1.0,0.358974358974359,0.3873758382745606
RF02328,published,1,1,0,0,1.0,0.9855072463768116,0.9855517473012863
RF02328,retrained,1,1,0,0,1.0,0.7575757575757576,0.7569691690723015
RF02332,published,1,1,0,0,1.0,0.8363636363636363,0.8471637449278374
RF02332,retrained,1,1,0,0,1.0,0.42857142857142855,0.4304476384382147
RF02334,published,1,1,0,0,1.0,0.9,0.9042285339102009
RF02334,retrained,1,1,0,0,1.0,0.24,0.2513675169878081
RF02339,published,1,1,0,0,1.0,0.8947368421052632,0.8988054515129632
RF02339,retrained,1,1,0,0,1.0,0.7317073170731707,0.7290844902866009
RF02349,published,269,269,0,0,1.0,0.45560499451220066,0.47713025423107025
RF02349,retrained,269,269,0,0,1.0,0.2907513175165881,0.2989802348290797
RF02368,published,1,1,0,0,1.0,0.9882352941176471,0.9882800110345714
RF02368,retrained,1,1,0,0,1.0,0.25,0.29533329114138546
RF02370,published,33,33,0,0,1.0,0.5455946566817056,0.5516665957921769
RF02370,retrained,33,33,0,0,1.0,0.2506315729760943,0.250379550592596
RF02372,published,28,28,0,0,1.0,0.8128260628260628,0.8278103074043023
RF02372,retrained,28,28,0,0,1.0,0.5486695827829994,0.6138221871342093
RF02385,published,60,60,0,0,1.0,0.1917731387368858,0.21541085385384554
RF02385,retrained,60,60,0,0,1.0,0.05138499094381446,0.05164825286964894
RF02388,published,2,2,0,0,1.0,0.0,-0.0029588271115306803
RF02388,retrained,2,2,0,0,1.0,0.0,-0.004054097233082878
RF02389,published,1,1,0,0,1.0,0.9523809523809523,0.9532392697462778
RF02389,retrained,1,1,0,0,1.0,0.7,0.7021613909514083
RF02392,published,1,1,0,0,1.0,1.0,1.0
RF02392,retrained,1,1,0,0,1.0,0.32941176470588235,0.34600845351064485
RF02395,published,1,1,0,0,1.0,0.0,-0.0014199575487317134
RF02395,retrained,1,1,0,0,1.0,0.5294117647058824,0.5354383227993893
RF02404,published,1,1,0,0,1.0,0.4782608695652174,0.4777179375587726
RF02404,retrained,1,1,0,0,1.0,0.43137254901960786,0.42857103681546277
RF02418,published,19,19,0,0,1.0,0.9802631578947368,0.9801001277069803
RF02418,retrained,19,19,0,0,1.0,0.7747686911329347,0.7741133254702628
RF02421,published,636,636,0,0,1.0,0.22441655790666568,0.24537877855009263
RF02421,retrained,636,636,0,0,1.0,0.4223276956292075,0.42940583836893814
RF02425,published,93,93,0,0,1.0,0.6915509057206716,0.6931596278668293
RF02425,retrained,93,93,0,0,1.0,0.5530950493298463,0.5571694689075144
RF02439,published,5,5,0,0,1.0,0.8102399639241744,0.8271101092174821
RF02439,retrained,5,5,0,0,1.0,0.14495221027479094,0.1825706645815175
RF02441,published,4,4,0,0,1.0,0.9089497459062676,0.911759233591858
RF02441,retrained,4,4,0,0,1.0,0.2777777777777778,0.29108884660396683
RF02457,published,3,3,0,0,1.0,0.6692978072367325,0.6993910747379343
RF02457,retrained,3,3,0,0,1.0,0.5081897078596749,0.5118135274526096
RF02458,published,1,1,0,0,1.0,0.15,0.22553749559198913
RF02458,retrained,1,1,0,0,1.0,0.16,0.17192318412353383
RF02459,published,7,7,0,0,1.0,0.5156243570036673,0.5703637600847207
RF02459,retrained,7,7,0,0,1.0,0.37003247614411044,0.3733962815942905
RF02462,published,432,187,245,0,0.43287037037037035,0.11467810550083536,0.13882234276119404
RF02462,retrained,432,187,245,0,0.43287037037037035,0.16698696465874466,0.17488443960078173
RF02463,published,327,327,0,0,1.0,0.16476879713128698,0.1927418582613707
RF02463,retrained,327,327,0,0,1.0,0.04502804788325783,0.045484558875077324
RF02464,published,178,178,0,0,1.0,0.17301061077190868,0.1863452757708496
RF02464,retrained,178,178,0,0,1.0,0.06531819618921955,0.06440266735967609
RF02465,published,55,55,0,0,1.0,0.3741572954674559,0.3805840881360821
RF02465,retrained,55,55,0,0,1.0,0.32113304823831135,0.32523956867780657
RF02474,published,1,1,0,0,1.0,0.0,0.0
RF02474,retrained,1,1,0,0,1.0,0.0,0.0
RF02476,published,1,1,0,0,1.0,0.8,0.8162576645858365
RF02476,retrained,1,1,0,0,1.0,1.0,1.0
RF02478,published,1,1,0,0,1.0,1.0,1.0
RF02478,retrained,1,1,0,0,1.0,0.3333333333333333,0.33245421245421247
RF02481,published,1,1,0,0,1.0,0.9830508474576272,0.9831455088516102
RF02481,retrained,1,1,0,0,1.0,0.25,0.25658534089730656
RF02482,published,1,1,0,0,1.0,0.975609756097561,0.9758563292486099
RF02482,retrained,1,1,0,0,1.0,0.49056603773584906,0.5003527387059307
RF02484,published,1,1,0,0,1.0,0.8076923076923077,0.8166941053509571
RF02484,retrained,1,1,0,0,1.0,0.6122448979591837,0.6268862020825905
RF02486,published,1,1,0,0,1.0,1.0,1.0
RF02486,retrained,1,1,0,0,1.0,0.3888888888888889,0.38849465617327605
RF02489,published,1,1,0,0,1.0,0.8148148148148148,0.8145999566340529
RF02489,retrained,1,1,0,0,1.0,0.6557377049180327,0.6614423611580281
RF02491,published,1,1,0,0,1.0,1.0,1.0
RF02491,retrained,1,1,0,0,1.0,0.6333333333333333,0.6499796125968862
RF02493,published,1,1,0,0,1.0,0.9629629629629629,0.9635158818492783
RF02493,retrained,1,1,0,0,1.0,0.08,0.07748368546846629
RF02496,published,970,970,0,0,1.0,0.5867338334847261,0.6086635600159802
RF02496,retrained,970,970,0,0,1.0,0.3071137750046285,0.3151353943362936
RF02499,published,7,7,0,0,1.0,0.7603602785666104,0.7765619671578871
RF02499,retrained,7,7,0,0,1.0,0.8397955709985786,0.841686592321996
RF02500,published,1072,1072,0,0,1.0,0.7717872591829676,0.7757610781343615
RF02500,retrained,1072,1072,0,0,1.0,0.5909030633967175,0.5947127565097841
RF02504,published,79,79,0,0,1.0,0.14231070353633135,0.14542743581907608
RF02504,retrained,79,79,0,0,1.0,0.09086672421905252,0.09093812876978975
RF02506,published,228,228,0,0,1.0,0.6495889532367457,0.6660946533555779
RF02506,retrained,228,228,0,0,1.0,0.542571514533233,0.5472898218782054
RF02508,published,2,2,0,0,1.0,0.0,-0.0011605995278616101
RF02508,retrained,2,2,0,0,1.0,0.12121212121212122,0.12154846883369674
RF02509,published,66,66,0,0,1.0,0.2802145836144784,0.29414847037137104
RF02509,retrained,66,66,0,0,1.0,0.1642503616058632,0.1634086708703407
RF02511,published,1,1,0,0,1.0,0.0,-0.0017876253582718622
RF02511,retrained,1,1,0,0,1.0,0.0,-0.002829060034510352
RF02523,published,464,464,0,0,1.0,0.7241309031464153,0.7488720919566647
RF02523,retrained,464,464,0,0,1.0,0.47828204336257324,0.5135845952664979
RF02524,published,9,9,0,0,1.0,0.7271166443185192,0.7343897986182015
RF02524,retrained,9,9,0,0,1.0,0.5347424176212299,0.5356357926581228
RF02525,published,1,1,0,0,1.0,0.96,0.9606395350549942
RF02525,retrained,1,1,0,0,1.0,0.2711864406779661,0.28469841277043384
RF02534,published,3,3,0,0,1.0,0.5235294117647059,0.5453711931348488
RF02534,retrained,3,3,0,0,1.0,0.405332503371719,0.4045091530348153
RF02535,published,376,376,0,0,1.0,0.052484394770227795,0.05574611745307424
RF02535,retrained,376,376,0,0,1.0,0.044623731788347235,0.04351862661497138
RF02537,published,1,1,0,0,1.0,0.7428571428571429,0.7679907803980162
RF02537,retrained,1,1,0,0,1.0,0.5,0.5004801654656099
RF02546,published,8,0,8,0,0.0,,
RF02546,retrained,8,0,8,0,0.0,,
RF02547,published,6,6,0,0,1.0,0.344574017276391,0.37684676097330677
RF02547,retrained,6,6,0,0,1.0,0.18480080510155697,0.18994122350666368
RF02557,published,1,1,0,0,1.0,0.1875,0.32096007262781007
RF02557,retrained,1,1,0,0,1.0,0.2127659574468085,0.21598511952306348
RF02560,published,2,2,0,0,1.0,0.038461538461538464,0.07133837788433967
RF02560,retrained,2,2,0,0,1.0,0.17333333333333334,0.17915754696506903
RF02564,published,1601,1601,0,0,1.0,0.6161642236554387,0.6161651382317626
RF02564,retrained,1601,1601,0,0,1.0,0.2439137629893589,0.23831183120158247
RF02572,published,1,1,0,0,1.0,0.1276595744680851,0.15421082298803773
RF02572,retrained,1,1,0,0,1.0,0.06349206349206349,0.06121834802655
RF02575,published,3,3,0,0,1.0,0.1269950560585465,0.16608037338895587
RF02575,retrained,3,3,0,0,1.0,0.22528339703607128,0.2284792089367984
RF02584,published,53,53,0,0,1.0,0.02838984914456612,0.03841662058569138
RF02584,retrained,53,53,0,0,1.0,0.06568515763562204,0.05827119428844278
RF02594,published,112,112,0,0,1.0,0.5761457804510941,0.5959832966712094
RF02594,retrained,112,112,0,0,1.0,0.45275541602581443,0.46066428802629644
RF02596,published,89,89,0,0,1.0,0.6731465898939858,0.6974204383593351
RF02596,retrained,89,89,0,0,1.0,0.627175508904798,0.635036771441038
RF02597,published,1,1,0,0,1.0,1.0,1.0
RF02597,retrained,1,1,0,0,1.0,1.0,1.0
RF02603,published,25,25,0,0,1.0,0.47010498430396497,0.49392654941950276
RF02603,retrained,25,25,0,0,1.0,0.4704211596356756,0.47572771202125047
RF02605,published,762,762,0,0,1.0,0.4462280007368852,0.4583620305177029
RF02605,retrained,762,762,0,0,1.0,0.4352403184510715,0.4350644950216518
RF02624,published,1,1,0,0,1.0,1.0,1.0
RF02624,retrained,1,1,0,0,1.0,0.6666666666666666,0.6655190314231882
RF02640,published,16,16,0,0,1.0,0.08779710514351749,0.09395778761822501
RF02640,retrained,16,16,0,0,1.0,0.1009462447798109,0.10527600251632838
RF02648,published,153,153,0,0,1.0,0.01779577942206807,0.017354015984842583
RF02648,retrained,153,153,0,0,1.0,0.007313583937305384,0.0056147065000409155
RF02664,published,22,22,0,0,1.0,0.4361157339869166,0.46554744107307466
RF02664,retrained,22,22,0,0,1.0,0.18734913928588848,0.19235468538318204
RF02670,published,5,5,0,0,1.0,0.5796132151490733,0.5799925827179395
RF02670,retrained,5,5,0,0,1.0,0.05039173856406577,0.058186534785074386
RF02671,published,7,7,0,0,1.0,0.2959449986032543,0.303984310831531
RF02671,retrained,7,7,0,0,1.0,0.10036066351506902,0.10103770704494816
RF02674,published,2114,2114,0,0,1.0,0.08520506764497862,0.09796217009428752
RF02674,retrained,2114,2114,0,0,1.0,0.03860323307108125,0.037477990119814945
RF02675,published,6767,6767,0,0,1.0,0.020591257669072775,0.024090811062086336
RF02675,retrained,6767,6767,0,0,1.0,0.02356690478162284,0.022908457144241466
RF02676,published,2,2,0,0,1.0,1.0,1.0
RF02676,retrained,2,2,0,0,1.0,0.543778801843318,0.5573490388997921
RF02680,published,95,95,0,0,1.0,0.4737739657941177,0.4803211595272177
RF02680,retrained,95,95,0,0,1.0,0.5705051944222451,0.5788882747699816
RF02681,published,104,104,0,0,1.0,0.500208041060954,0.5391244024317465
RF02681,retrained,104,104,0,0,1.0,0.6042663115370612,0.6066179462539021
RF02683,published,1161,1161,0,0,1.0,0.7351889160176838,0.7483831586956642
RF02683,retrained,1161,1161,0,0,1.0,0.4672215501931469,0.4785934110127584
RF02684,published,129,129,0,0,1.0,0.7410373089190141,0.7507627734472623
RF02684,retrained,129,129,0,0,1.0,0.5990089553332045,0.6071644879340016
RF02685,published,45,45,0,0,1.0,0.5687734130716589,0.5784306001851522
RF02685,retrained,45,45,0,0,1.0,0.6786253158096986,0.690732958855685
RF02693,published,1,1,0,0,1.0,0.9315068493150684,0.9320532238925324
RF02693,retrained,1,1,0,0,1.0,0.11538461538461539,0.1281229301682823
RF02695,published,242,242,0,0,1.0,0.6650706630472261,0.6706467867323834
RF02695,retrained,242,242,0,0,1.0,0.5317110956253321,0.5324332661397969
RF02697,published,1,1,0,0,1.0,0.9767441860465116,0.9769131912850556
RF02697,retrained,1,1,0,0,1.0,0.2857142857142857,0.3468680255235789
RF02699,published,2,2,0,0,1.0,0.7136363636363636,0.7352143774259783
RF02699,retrained,2,2,0,0,1.0,0.19047619047619047,0.19271625306180615
RF02700,published,14,14,0,0,1.0,0.43597109324278904,0.4665790832536148
RF02700,retrained,14,14,0,0,1.0,0.03571428571428571,0.03696188166349778
RF02701,published,273,273,0,0,1.0,0.8816099992715157,0.8859954279254976
RF02701,retrained,273,273,0,0,1.0,0.7720255771442016,0.7887171505034926
RF02713,published,15,15,0,0,1.0,0.4803466383609585,0.513201845726233
RF02713,retrained,15,15,0,0,1.0,0.48694194933860163,0.4952894235595705
RF02714,published,12,12,0,0,1.0,0.27645891523787025,0.3632764975420542
RF02714,retrained,12,12,0,0,1.0,0.3537711595317461,0.3615810418839662
RF02716,published,1,1,0,0,1.0,0.0,-0.0014782431944651141
RF02716,retrained,1,1,0,0,1.0,0.19047619047619047,0.20804012142170555
RF02718,published,13,13,0,0,1.0,0.12307289450135137,0.15320300858944275
RF02718,retrained,13,13,0,0,1.0,0.11714531921080054,0.11846385771097061
RF02720,published,1,1,0,0,1.0,0.45161290322580644,0.5150813940668185
RF02720,retrained,1,1,0,0,1.0,0.21428571428571427,0.27857078186185535
RF02722,published,2,2,0,0,1.0,0.8214285714285714,0.8358355967791957
RF02722,retrained,2,2,0,0,1.0,0.17857142857142855,0.1880559508503612
RF02730,published,4,4,0,0,1.0,0.361968085106383,0.4150143002145044
RF02730,retrained,4,4,0,0,1.0,0.2395238095238095,0.2744372627092365
RF02736,published,559,559,0,0,1.0,0.027758869519409646,0.029654190998677533
RF02736,retrained,559,559,0,0,1.0,0.013445262775063091,0.012553901595052822
RF02746,published,64,1,63,0,0.015625,0.0,-0.0006600040904564862
RF02746,retrained,64,1,63,0,0.015625,0.037209302325581395,0.03794625863933917
RF02748,published,22,22,0,0,1.0,0.5662011621421905,0.5863048681520575
RF02748,retrained,22,22,0,0,1.0,0.3364372749418727,0.33988985937194943
RF02753,published,32,32,0,0,1.0,0.5091158802731273,0.5318601931071433
RF02753,retrained,32,32,0,0,1.0,0.5540269374384866,0.563889456522869
RF02754,published,3,3,0,0,1.0,0.44230769230769235,0.44673928737773255
RF02754,retrained,3,3,0,0,1.0,0.7514367816091955,0.7508503947115552
RF02755,published,115,115,0,0,1.0,0.14798558933298137,0.16886886582417077
RF02755,retrained,115,115,0,0,1.0,0.04754563696354762,0.05109409365963224
RF02757,published,467,467,0,0,1.0,0.0336890126455023,0.03903692752151122
RF02757,retrained,467,467,0,0,1.0,0.051125764137701625,0.05125171172884892
RF02758,published,1,1,0,0,1.0,0.7868852459016393,0.7990614513018782
RF02758,retrained,1,1,0,0,1.0,0.0,-0.0031771116736724896
RF02770,published,1032,1032,0,0,1.0,0.4207648060109225,0.46979685998595955
RF02770,retrained,1032,1032,0,0,1.0,0.3241077281646778,0.33429444213056025
RF02774,published,22,22,0,0,1.0,0.5086799508646218,0.5391427310337709
RF02774,retrained,22,22,0,0,1.0,0.2820552432366318,0.2985751914344448
RF02775,published,24,24,0,0,1.0,0.14706530690903907,0.18245215626287478
RF02775,retrained,24,24,0,0,1.0,0.0,-0.0026309482395991926
RF02776,published,1,1,0,0,1.0,0.972972972972973,0.9732142796421211
RF02776,retrained,1,1,0,0,1.0,0.05263157894736842,0.0484847938250845
RF02778,published,29,29,0,0,1.0,0.4126033495653883,0.42982407728914784
RF02778,retrained,29,29,0,0,1.0,0.2719328706411924,0.2805282626955665
RF02779,published,21,21,0,0,1.0,0.5030355267670757,0.5510439264162507
RF02779,retrained,21,21,0,0,1.0,0.2033088338514241,0.212127859034751
RF02780,published,17,17,0,0,1.0,0.3861992485681051,0.44013790560939015
RF02780,retrained,17,17,0,0,1.0,0.08308600360020471,0.08428095916907542
RF02781,published,10,10,0,0,1.0,0.5407309253356789,0.5954984814039737
RF02781,retrained,10,10,0,0,1.0,0.28873416820231784,0.32343910081068794
RF02787,published,6,6,0,0,1.0,0.7020600165417239,0.7414651009119343
RF02787,retrained,6,6,0,0,1.0,0.024999999999999998,0.023858297408225728
RF02789,published,8,8,0,0,1.0,0.7904614374952842,0.806087924800938
RF02789,retrained,8,8,0,0,1.0,0.4981560040383428,0.5344108973585315
RF02793,published,5,5,0,0,1.0,0.5512267536110453,0.5818108159896491
RF02793,retrained,5,5,0,0,1.0,0.6085586083963366,0.6066433190855104
RF02800,published,1009,1009,0,0,1.0,0.03404658856890118,0.03908762637066357
RF02800,retrained,1009,1009,0,0,1.0,0.035831589621563686,0.03619779842085711
RF02803,published,5,5,0,0,1.0,0.18666666666666668,0.19304928146714842
RF02803,retrained,5,5,0,0,1.0,0.05217391304347826,0.04630194342088625
RF02813,published,18,18,0,0,1.0,0.05925925925925926,0.08508332180583414
RF02813,retrained,18,18,0,0,1.0,0.060887260887260895,0.06286786500916737
RF02821,published,2,2,0,0,1.0,0.8470809792843692,0.8539371401810288
RF02821,retrained,2,2,0,0,1.0,0.5599377270368449,0.5801997439177702
RF02823,published,239,239,0,0,1.0,0.300755125609389,0.3422357310311113
RF02823,retrained,239,239,0,0,1.0,0.2626061093041622,0.28439479518254235
RF02827,published,219,219,0,0,1.0,0.764799835671061,0.7739527284293211
RF02827,retrained,219,219,0,0,1.0,0.7481372816183992,0.7483847784597737
RF02831,published,323,323,0,0,1.0,0.6770053034475416,0.7012279315715336
RF02831,retrained,323,323,0,0,1.0,0.4987293525394888,0.5081350662943986
RF02835,published,1148,1148,0,0,1.0,0.04317480782308115,0.05057726615193123
RF02835,retrained,1148,1148,0,0,1.0,0.00860341463315155,0.005744324139935745
RF02836,published,687,687,0,0,1.0,0.015261755582291236,0.017536165407689232
RF02836,retrained,687,687,0,0,1.0,0.03387529354695609,0.03320804317527874
RF02841,published,20,20,0,0,1.0,0.7028038941721056,0.7116362471359855
RF02841,retrained,20,20,0,0,1.0,0.16095817557463965,0.16364021106277402
RF02854,published,12,12,0,0,1.0,0.5919400136778612,0.6260913982917712
RF02854,retrained,12,12,0,0,1.0,0.3977850347479464,0.4131578107225187
RF02856,published,1,1,0,0,1.0,1.0,1.0
RF02856,retrained,1,1,0,0,1.0,0.711864406779661,0.7106652104439293
RF02857,published,3,3,0,0,1.0,0.5664877757901013,0.5705431838292175
RF02857,retrained,3,3,0,0,1.0,0.07469501806038302,0.0753947942064666
RF02875,published,19,19,0,0,1.0,0.6874252333069598,0.6904052844135957
RF02875,retrained,19,19,0,0,1.0,0.6718216726483766,0.674338145128637
RF02879,published,116,116,0,0,1.0,0.17858515394455704,0.19675338198632017
RF02879,retrained,116,116,0,0,1.0,0.04327072652278265,0.04276038254583416
RF02881,published,46,46,0,0,1.0,0.20361450674674145,0.21298515106664506
RF02881,retrained,46,46,0,0,1.0,0.1286763135143971,0.1286544787312679
RF02882,published,88,88,0,0,1.0,0.08921317165369859,0.1136740020443301
RF02882,retrained,88,88,0,0,1.0,0.04410279021385712,0.04841947453808455
RF02888,published,4,4,0,0,1.0,0.4732620320855615,0.48372697147594296
RF02888,retrained,4,4,0,0,1.0,0.0,-0.008052840672868888
RF02889,published,13,13,0,0,1.0,0.5682219030022554,0.5911199526342554
RF02889,retrained,13,13,0,0,1.0,0.21186506727682916,0.2104702331399088
RF02896,published,26,26,0,0,1.0,0.173573527921354,0.17524419153118623
RF02896,retrained,26,26,0,0,1.0,0.0,-0.0019220228405003802
RF02902,published,425,425,0,0,1.0,0.5902856740035716,0.6186651487382239
RF02902,retrained,425,425,0,0,1.0,0.526827188964281,0.5338452352772022
RF02907,published,15,15,0,0,1.0,0.9359034052367385,0.9368438898637428
RF02907,retrained,15,15,0,0,1.0,0.5962186036611323,0.5959990074938244
RF02909,published,30,30,0,0,1.0,0.4233117198761166,0.4362787086480916
RF02909,retrained,30,30,0,0,1.0,0.22714754887805488,0.2271212086866489
RF02911,published,49,49,0,0,1.0,0.1282216998001406,0.13374631130668754
RF02911,retrained,49,49,0,0,1.0,0.08882117552274715,0.08841932606890097
RF02912,published,76,76,0,0,1.0,0.5047352805907867,0.5324902537150624
RF02912,retrained,76,76,0,0,1.0,0.38242517439995405,0.40807449988075173
RF02915,published,186,186,0,0,1.0,0.8829262080496114,0.8879688584290676
RF02915,retrained,186,186,0,0,1.0,0.6877027754528207,0.6907293783481169
RF02916,published,246,246,0,0,1.0,0.6624757693625404,0.6713768481847068
RF02916,retrained,246,246,0,0,1.0,0.501291176434027,0.5144255835332737
RF02922,published,61,61,0,0,1.0,0.7838025239661172,0.7907804341805226
RF02922,retrained,61,61,0,0,1.0,0.547655176541318,0.5515189162751184
RF02923,published,43,43,0,0,1.0,0.7129211765139178,0.7282600681525411
RF02923,retrained,43,43,0,0,1.0,0.4538882259216462,0.4641518714838303
RF02925,published,180,180,0,0,1.0,0.8813361923307746,0.8875282666122146
RF02925,retrained,180,180,0,0,1.0,0.6971120723197601,0.7197123298678927
RF02927,published,2,2,0,0,1.0,1.0,1.0
RF02927,retrained,2,2,0,0,1.0,0.8333333333333333,0.8351755548224957
RF02930,published,157,157,0,0,1.0,0.7180542336470376,0.7362289893095176
RF02930,retrained,157,157,0,0,1.0,0.47606694642592423,0.48503298436112224
RF02935,published,764,764,0,0,1.0,0.7966219034801518,0.8043586926536289
RF02935,retrained,764,764,0,0,1.0,0.6219564334052483,0.6236334526641564
RF02951,published,213,213,0,0,1.0,0.846716623577722,0.850150581576732
RF02951,retrained,213,213,0,0,1.0,0.5890055556608036,0.5904860888180925
RF02954,published,5,5,0,0,1.0,0.7794269392622172,0.7847629085472599
RF02954,retrained,5,5,0,0,1.0,0.4511323763955343,0.4534864294069479
RF02957,published,369,369,0,0,1.0,0.8146198482763399,0.8200400043321642
RF02957,retrained,369,369,0,0,1.0,0.5843235343814654,0.5888500439012596
RF02962,published,71,71,0,0,1.0,0.7635827173081944,0.7731910873967891
RF02962,retrained,71,71,0,0,1.0,0.5703080322913827,0.5740672396312655
RF02965,published,334,334,0,0,1.0,0.8135938066344865,0.8211823577214813
RF02965,retrained,334,334,0,0,1.0,0.6492575802885213,0.6519687410545252
RF02966,published,85,85,0,0,1.0,0.8310015445663212,0.8385678486744802
RF02966,retrained,85,85,0,0,1.0,0.4871025983168477,0.4948430053606168
RF02967,published,261,261,0,0,1.0,0.8047691068767641,0.8156448059599709
RF02967,retrained,261,261,0,0,1.0,0.6025317098297122,0.6154483772400907
RF02971,published,19,19,0,0,1.0,0.8708176748718012,0.8806518510835977
RF02971,retrained,19,19,0,0,1.0,0.655605866282241,0.6715740946097385
RF02975,published,752,752,0,0,1.0,0.9547423427718058,0.9564696442794408
RF02975,retrained,752,752,0,0,1.0,0.40240525813429623,0.40703820440288024
RF02976,published,1,1,0,0,1.0,0.5964912280701754,0.616895859529349
RF02976,retrained,1,1,0,0,1.0,0.3157894736842105,0.32477247200848736
RF02977,published,146,146,0,0,1.0,0.7161155014976197,0.736712479735086
RF02977,retrained,146,146,0,0,1.0,0.590382938872397,0.5924185865857016
RF02982,published,135,135,0,0,1.0,0.8099966548504187,0.8173697399816565
RF02982,retrained,135,135,0,0,1.0,0.6420945214175973,0.6496490925808027
RF02992,published,172,172,0,0,1.0,0.7434914138921677,0.7587005756087387
RF02992,retrained,172,172,0,0,1.0,0.23361454977037,0.2328602769706644
RF02999,published,505,505,0,0,1.0,0.834568795330057,0.8447056655443211
RF02999,retrained,505,505,0,0,1.0,0.5697770330531878,0.5852985745270237
RF03001,published,93,93,0,0,1.0,0.9230124312142688,0.9274461028093836
RF03001,retrained,93,93,0,0,1.0,0.7009048678128871,0.7121583623971248
RF03002,published,10,10,0,0,1.0,0.8832762052189297,0.8888571751810732
RF03002,retrained,10,10,0,0,1.0,0.6447899812605696,0.6484178094742344
RF03003,published,224,224,0,0,1.0,0.5377454890052115,0.555465367550817
RF03003,retrained,224,224,0,0,1.0,0.19352897971024866,0.19614919495002417
RF03004,published,13,13,0,0,1.0,0.6502919040447644,0.6619595830926879
RF03004,retrained,13,13,0,0,1.0,0.14048905226624192,0.15124872097928282
RF03005,published,108,108,0,0,1.0,0.6253646888211859,0.6415443725599833
RF03005,retrained,108,108,0,0,1.0,0.41830703465368146,0.4215471907024863
RF03006,published,38,38,0,0,1.0,0.768062274768849,0.776665607121117
RF03006,retrained,38,38,0,0,1.0,0.5986912838808913,0.5977221438283806
RF03007,published,7,7,0,0,1.0,0.9076411960132891,0.9127305795627303
RF03007,retrained,7,7,0,0,1.0,0.5034261614243452,0.5065417250515426
RF03009,published,43,43,0,0,1.0,0.7786692171358854,0.7857266616634361
RF03009,retrained,43,43,0,0,1.0,0.46678254743698266,0.47280404019274086
RF03010,published,8,8,0,0,1.0,0.9270729270729271,0.930113643151637
RF03010,retrained,8,8,0,0,1.0,0.30113636363636365,0.30913670062514326
RF03015,published,536,536,0,0,1.0,0.7930129298326971,0.8063560835323812
RF03015,retrained,536,536,0,0,1.0,0.6415558776111155,0.6555957147005872
RF03018,published,217,217,0,0,1.0,0.8050792119766074,0.8126011080939681
RF03018,retrained,217,217,0,0,1.0,0.46889584396869244,0.4745387977657487
RF03023,published,33,33,0,0,1.0,0.8109277725323331,0.8206196824420204
RF03023,retrained,33,33,0,0,1.0,0.6436150757086327,0.6479751300012839
RF03024,published,6,6,0,0,1.0,0.9609250398724084,0.9632531519594288
RF03024,retrained,6,6,0,0,1.0,0.7754741019214704,0.7920072357454396
RF03028,published,56,56,0,0,1.0,0.5643971887651575,0.5805332612685449
RF03028,retrained,56,56,0,0,1.0,0.37918768598547764,0.3846311237461344
RF03037,published,45,45,0,0,1.0,0.5872088245428155,0.5914030986434788
RF03037,retrained,45,45,0,0,1.0,0.36585305462072376,0.36781553510085374
RF03040,published,106,106,0,0,1.0,0.7235235649644688,0.7360789192872569
RF03040,retrained,106,106,0,0,1.0,0.35196874741294276,0.35533640843240455
RF03042,published,34,34,0,0,1.0,0.5845345014462662,0.5931115890181383
RF03042,retrained,34,34,0,0,1.0,0.4222240658226818,0.42731761277191777
RF03043,published,8,8,0,0,1.0,0.8042744297914135,0.8055886770993741
RF03043,retrained,8,8,0,0,1.0,0.5869776717487899,0.5865928032795326
RF03044,published,259,259,0,0,1.0,0.6281542355532195,0.6398634213810976
RF03044,retrained,259,259,0,0,1.0,0.3847391276364572,0.3894697523916184
RF03045,published,87,87,0,0,1.0,0.786356342493808,0.7889501362807324
RF03045,retrained,87,87,0,0,1.0,0.6189987975801038,0.6231332552449367
RF03047,published,12,12,0,0,1.0,0.5589165837411452,0.6028232003460968
RF03047,retrained,12,12,0,0,1.0,0.5749612064966887,0.5965978818047101
RF03056,published,28,28,0,0,1.0,0.4538327193225468,0.468754048802567
RF03056,retrained,28,28,0,0,1.0,0.333437778823135,0.3389693402240287
RF03058,published,1111,1111,0,0,1.0,0.8583205683366942,0.8603886956082333
RF03058,retrained,1111,1111,0,0,1.0,0.38844557109086575,0.3924610443758312
RF03072,published,2245,2245,0,0,1.0,0.5304772252614235,0.5332235136374702
RF03072,retrained,2245,2245,0,0,1.0,0.3268822523614646,0.3296874030102446
RF03074,published,937,937,0,0,1.0,0.8261288647038849,0.8330047753385451
RF03074,retrained,937,937,0,0,1.0,0.5578547947280474,0.5664103823243435
RF03077,published,245,245,0,0,1.0,0.5984247992585603,0.6056369161735751
RF03077,retrained,245,245,0,0,1.0,0.28014596998790364,0.28141112532909
RF03079,published,248,1,247,0,0.004032258064516129,0.43523316062176165,0.43527805576233436
RF03079,retrained,248,1,247,0,0.004032258064516129,0.42592592592592593,0.4263364167931715
RF03085,published,387,387,0,0,1.0,0.8801098801998806,0.8862817986432953
RF03085,retrained,387,387,0,0,1.0,0.6344902312249162,0.6402266517140133
RF03087,published,226,0,226,0,0.0,,
RF03087,retrained,226,0,226,0,0.0,,
RF03090,published,3,3,0,0,1.0,0.9041563501121569,0.9043037080105661
RF03090,retrained,3,3,0,0,1.0,0.49836851662694354,0.4979903798567607
RF03111,published,19,19,0,0,1.0,0.6633038014616963,0.6653319891778309
RF03111,retrained,19,19,0,0,1.0,0.4090214734299793,0.4226098191039885
RF03114,published,1,1,0,0,1.0,0.08333333333333333,0.09038275201932443
RF03114,retrained,1,1,0,0,1.0,0.36666666666666664,0.3686018649965223
RF03115,published,62,62,0,0,1.0,0.8340936769788,0.840243569149283
RF03115,retrained,62,62,0,0,1.0,0.5950543292144242,0.6003565587793197
RF03126,published,97,97,0,0,1.0,0.49423277851654057,0.5081076271783914
RF03126,retrained,97,97,0,0,1.0,0.2954742609440255,0.29644308736959113
RF03127,published,621,621,0,0,1.0,0.2570680995989371,0.3122229869483189
RF03127,retrained,621,621,0,0,1.0,0.35571200193744196,0.3855362971350407
RF03128,published,82,82,0,0,1.0,0.8806169778730748,0.8844148397679438
RF03128,retrained,82,82,0,0,1.0,0.9076096460110649,0.9086986474683629
RF03134,published,77,77,0,0,1.0,0.5196941912068459,0.5536249810446056
RF03134,retrained,77,77,0,0,1.0,0.587947151447329,0.5907733920657132
RF03138,published,168,168,0,0,1.0,0.7891177621338621,0.7977664064202381
RF03138,retrained,168,168,0,0,1.0,0.8607890976839844,0.862234625060407
RF03141,published,233,233,0,0,1.0,0.6271140184559184,0.6494087867385222
RF03141,retrained,233,233,0,0,1.0,0.6085458546818099,0.6122162295744273
RF03144,published,202,202,0,0,1.0,0.4259990683863359,0.44866867213368683
RF03144,retrained,202,202,0,0,1.0,0.381129344302125,0.3839245771553555
RF03145,published,3,3,0,0,1.0,0.4689199052813849,0.4743191529179138
RF03145,retrained,3,3,0,0,1.0,0.37907481439177615,0.3789572364722722
RF03148,published,69,69,0,0,1.0,0.3153107909352327,0.35448451776219786
RF03148,retrained,69,69,0,0,1.0,0.3044995560222934,0.3148559837943334
RF03152,published,4,4,0,0,1.0,0.48167172739541164,0.5199255713384737
RF03152,retrained,4,4,0,0,1.0,0.5215630032206119,0.5604924824566062
RF03154,published,10,10,0,0,1.0,0.5403664527826635,0.5663510815902587
RF03154,retrained,10,10,0,0,1.0,0.5565829968847844,0.5703831426897971
RF03156,published,295,295,0,0,1.0,0.5197802103734309,0.5407624454293749
RF03156,retrained,295,295,0,0,1.0,0.33242805686264804,0.32632836265377524
RF03160,published,5360,5360,0,0,1.0,0.3884289712055107,0.41992106183095057
RF03160,retrained,5360,5360,0,0,1.0,0.28404868362436103,0.2883581169800182
RF03164,published,22,22,0,0,1.0,0.5146144996794594,0.5619169891876807
RF03164,retrained,22,22,0,0,1.0,0.4275645338486965,0.46365313070326764
RF03166,published,1435,1435,0,0,1.0,0.4010412540188962,0.4218832888280706
RF03166,retrained,1435,1435,0,0,1.0,0.2662064201737331,0.2733841916738964
RF03167,published,9003,9003,0,0,1.0,0.7006067578179422,0.7160711324315846
RF03167,retrained,9003,9003,0,0,1.0,0.4511131619135319,0.4621873811228548
RF03168,published,6731,6731,0,0,1.0,0.7939954019813716,0.80628215350453
RF03168,retrained,6731,6731,0,0,1.0,0.48788120625799597,0.4974134694820104
RF03169,published,2022,2022,0,0,1.0,0.5227956480288567,0.5530381939290092
RF03169,retrained,2022,2022,0,0,1.0,0.534129003689576,0.5423223628625928
RF03170,published,702,702,0,0,1.0,0.554329520009572,0.5843599001676016
RF03170,retrained,702,702,0,0,1.0,0.5955752007636735,0.6024777276718609
RF03176,published,52,52,0,0,1.0,0.029538435402998973,0.04039093216449167
RF03176,retrained,52,52,0,0,1.0,0.4085096155952976,0.4347195329608379
RF03228,published,11,11,0,0,1.0,0.7348069972521383,0.7577911952281359
RF03228,retrained,11,11,0,0,1.0,0.8229286798559244,0.8250749750952721
RF03388,published,4,4,0,0,1.0,0.29441239316239315,0.31404271573892123
RF03388,retrained,4,4,0,0,1.0,0.5461288711288711,0.5480881143361895
RF03521,published,12,12,0,0,1.0,0.3139148117873946,0.3377825737004741
RF03521,retrained,12,12,0,0,1.0,0.45770790829292946,0.46625095004446854
RF03531,published,2914,2914,0,0,1.0,0.027115176190175522,0.03180833359829504
RF03531,retrained,2914,2914,0,0,1.0,0.05863306669347546,0.06035596067026684
RF03576,published,15,15,0,0,1.0,0.2993084063791713,0.34709744808834786
RF03576,retrained,15,15,0,0,1.0,0.4265645967849577,0.4293483938962444
RF03740,published,8,8,0,0,1.0,0.46497297991863207,0.499530612812537
RF03740,retrained,8,8,0,0,1.0,0.42799896345666155,0.43203655633913485
RF03772,published,2,2,0,0,1.0,0.1111111111111111,0.17606816861659008
RF03772,retrained,2,2,0,0,1.0,0.23809523809523808,0.23621802584618806
RF03838,published,14,14,0,0,1.0,0.4625145796051321,0.5173898400610076
RF03838,retrained,14,14,0,0,1.0,0.6759639339537641,0.6779172027205892
RF03963,published,3,3,0,0,1.0,0.38095238095238093,0.48383418552782836
RF03963,retrained,3,3,0,0,1.0,0.5217391304347826,0.5928057735220763
RF04188,published,60,60,0,0,1.0,0.03035261361745173,0.032556833841006334
RF04188,retrained,60,60,0,0,1.0,0.03181839980255961,0.031860780741801674
RF04200,published,156,156,0,0,1.0,0.025620140077541938,0.029653408948633286
RF04200,retrained,156,156,0,0,1.0,0.0035351377018043684,0.0005167600952195721
RF04218,published,1,1,0,0,1.0,0.0,-0.0034855388709848253
RF04218,retrained,1,1,0,0,1.0,0.47619047619047616,0.5007854467148545
RF04221,published,1,1,0,0,1.0,0.4,0.4552864953668301
RF04221,retrained,1,1,0,0,1.0,0.6666666666666666,0.6640857185642387
RF04222,published,82,82,0,0,1.0,0.08228498803306165,0.09176875669196571
RF04222,retrained,82,82,0,0,1.0,0.03686599753423407,0.035185139308217726
RF04305,published,2,2,0,0,1.0,0.22727272727272727,0.22401732828300902
RF04305,retrained,2,2,0,0,1.0,0.40293040293040294,0.3988720599630242
RF04308,published,1,1,0,0,1.0,0.2,0.1971426937656258
RF04308,retrained,1,1,0,0,1.0,0.15384615384615385,0.14869463602447425
RF04310,published,14,14,0,0,1.0,0.38725577835775316,0.44195231577934335
RF04310,retrained,14,14,0,0,1.0,0.4383048650887331,0.45232070927452644
