component_id	split	n_families	n_sequences	families
C01214	train	4	105923	RF00050,RF00174,RF01482,RF01689
C01215	train	2	134907	RF00230,RF02447
C01216	train	1	147100	RF00436
C01217	train	1	159002	RF00026
C01218	train	1	208245	RF00097
C01219	train	1	402207	RF00001
C01220	train	2785	5898245	RF00002,RF00003,RF00004,RF00005,RF00007,RF00008,RF00009,RF00010,RF00011,RF00012,RF00014,RF00015,RF00016,RF00017,RF00018,RF00019,RF00021,RF00022,RF00023,RF00024,RF00027,RF00028,RF00029,RF00030,RF00031,RF00032,RF00033,RF00034,RF00035,RF00036,RF00037,RF00041,RF00042,RF00043,RF00045,RF00046,RF00047,RF00049,RF00051,RF00052,RF00053,RF00054,RF00056,RF00057,RF00058,RF00060,RF00061,RF00064,RF00065,RF00067,RF00069,RF00070,RF00071,RF00073,RF00074,RF00075,RF00076,RF00077,RF00079,RF00080,RF00082,RF00083,RF00084,RF00086,RF00087,RF00089,RF00090,RF00091,RF00092,RF00093,RF00094,RF00095,RF00100,RF00101,RF00102,RF00103,RF00104,RF00105,RF00106,RF00107,RF00108,RF00110,RF00111,RF00116,RF00117,RF00121,RF00125,RF00126,RF00128,RF00129,RF00130,RF00131,RF00133,RF00134,RF00135,RF00136,RF00139,RF00142,RF00143,RF00144,RF00147,RF00149,RF00150,RF00151,RF00154,RF00157,RF00158,RF00159,RF00160,RF00161,RF00163,RF00164,RF00165,RF00166,RF00169,RF00177,RF00178,RF00181,RF00184,RF00185,RF00186,RF00188,RF00189,RF00190,RF00191,RF00192,RF00193,RF00194,RF00195,RF00200,RF00202,RF00203,RF00204,RF00205,RF00206,RF00207,RF00208,RF00209,RF00210,RF00211,RF00212,RF00213,RF00216,RF00217,RF00220,RF00221,RF00224,RF00229,RF00231,RF00234,RF00236,RF00237,RF00238,RF00239,RF00240,RF00241,RF00243,RF00244,RF00245,RF00246,RF00247,RF00248,RF00249,RF00250,RF00251,RF00252,RF00253,RF00254,RF00255,RF00256,RF00257,RF00258,RF00260,RF00261,RF00262,RF00263,RF00265,RF00266,RF00267,RF00268,RF00270,RF00271,RF00273,RF00274,RF00276,RF00277,RF00278,RF00279,RF00280,RF00281,RF00283,RF00284,RF00288,RF00289,RF00295,RF00296,RF00300,RF00306,RF00309,RF00312,RF00314,RF00316,RF00317,RF00318,RF00319,RF00322,RF00324,RF00325,RF00328,RF00330,RF00331,RF00332,RF00333,RF00334,RF00335,RF00339,RF00342,RF00343,RF00344,RF00345,RF00352,RF00353,RF00356,RF00357,RF00358,RF00359,RF00361,RF00362,RF00363,RF00364,RF00365,RF00366,RF00367,RF00369,RF00370,RF00372,RF00373,RF00375,RF00377,RF00378,RF00381,RF00385,RF00388,RF00391,RF00392,RF00396,RF00397,RF00398,RF00399,RF00400,RF00401,RF00404,RF00405,RF00406,RF00407,RF00409,RF00410,RF00411,RF00412,RF00413,RF00414,RF00415,RF00416,RF00417,RF00418,RF00419,RF00422,RF00423,RF00425,RF00426,RF00428,RF00429,RF00430,RF00431,RF00432,RF00433,RF00435,RF00438,RF00439,RF00440,RF00443,RF00444,RF00445,RF00446,RF00447,RF00451,RF00452,RF00455,RF00456,RF00458,RF00464,RF00467,RF00468,RF00471,RF00472,RF00473,RF00475,RF00476,RF00477,RF00478,RF00479,RF00481,RF00482,RF00485,RF00486,RF00488,RF00489,RF00492,RF00493,RF00494,RF00498,RF00499,RF00501,RF00502,RF00503,RF00506,RF00509,RF00510,RF00511,RF00512,RF00513,RF00514,RF00515,RF00516,RF00519,RF00521,RF00523,RF00525,RF00526,RF00527,RF00530,RF00532,RF00534,RF00535,RF00539,RF00540,RF00542,RF00543,RF00544,RF00545,RF00546,RF00547,RF00548,RF00551,RF00552,RF00553,RF00554,RF00555,RF00557,RF00558,RF00560,RF00561,RF00562,RF00563,RF00564,RF00565,RF00566,RF00567,RF00568,RF00569,RF00570,RF00571,RF00572,RF00574,RF00575,RF00576,RF00577,RF00578,RF00579,RF00580,RF00581,RF00588,RF00591,RF00592,RF00593,RF00594,RF00598,RF00600,RF00601,RF00602,RF00604,RF00606,RF00607,RF00608,RF00609,RF00610,RF00611,RF00612,RF00613,RF00615,RF00618,RF00623,RF00624,RF00625,RF00626,RF00627,RF00629,RF00632,RF00637,RF00638,RF00639,RF00640,RF00641,RF00642,RF00643,RF00644,RF00645,RF00646,RF00647,RF00648,RF00649,RF00650,RF00651,RF00653,RF00654,RF00655,RF00656,RF00657,RF00658,RF00659,RF00660,RF00661,RF00662,RF00663,RF00664,RF00665,RF00666,RF00667,RF00668,RF00669,RF00670,RF00671,RF00672,RF00673,RF00674,RF00675,RF00676,RF00677,RF00678,RF00679,RF00680,RF00681,RF00682,RF00683,RF00684,RF00685,RF00686,RF00687,RF00688,RF00689,RF00690,RF00691,RF00692,RF00693,RF00694,RF00695,RF00696,RF00697,RF00698,RF00699,RF00700,RF00701,RF00702,RF00703,RF00704,RF00705,RF00706,RF00707,RF00708,RF00709,RF00710,RF00712,RF00713,RF00714,RF00715,RF00716,RF00717,RF00718,RF00719,RF00720,RF00721,RF00722,RF00723,RF00724,RF00725,RF00726,RF00727,RF00728,RF00729,RF00730,RF00731,RF00732,RF00733,RF00734,RF00735,RF00736,RF00737,RF00739,RF00740,RF00741,RF00742,RF00743,RF00744,RF00745,RF00746,RF00747,RF00748,RF00749,RF00750,RF00751,RF00752,RF00753,RF00754,RF00755,RF00756,RF00757,RF00758,RF00760,RF00761,RF00762,RF00763,RF00764,RF00765,RF00766,RF00767,RF00768,RF00769,RF00770,RF00771,RF00772,RF00773,RF00774,RF00775,RF00776,RF00777,RF00778,RF00779,RF00780,RF00781,RF00783,RF00784,RF00785,RF00786,RF00787,RF00788,RF00789,RF00790,RF00791,RF00792,RF00793,RF00794,RF00795,RF00796,RF00797,RF00798,RF00799,RF00801,RF00802,RF00803,RF00804,RF00805,RF00806,RF00808,RF00809,RF00810,RF00811,RF00812,RF00813,RF00814,RF00815,RF00816,RF00817,RF00818,RF00819,RF00820,RF00821,RF00822,RF00823,RF00824,RF00825,RF00826,RF00827,RF00828,RF00829,RF00830,RF00831,RF00832,RF00833,RF00834,RF00835,RF00836,RF00837,RF00838,RF00839,RF00840,RF00841,RF00842,RF00843,RF00844,RF00845,RF00846,RF00847,RF00848,RF00849,RF00850,RF00851,RF00852,RF00853,RF00854,RF00855,RF00856,RF00857,RF00858,RF00859,RF00861,RF00862,RF00863,RF00864,RF00865,RF00866,RF00867,RF00868,RF00869,RF00870,RF00872,RF00873,RF00874,RF00875,RF00876,RF00877,RF00878,RF00879,RF00883,RF00884,RF00885,RF00886,RF00887,RF00888,RF00890,RF00891,RF00892,RF00893,RF00894,RF00895,RF00896,RF00897,RF00898,RF00899,RF00900,RF00901,RF00902,RF00903,RF00904,RF00905,RF00906,RF00907,RF00908,RF00909,RF00910,RF00911,RF00912,RF00914,RF00915,RF00917,RF00918,RF00919,RF00920,RF00921,RF00922,RF00925,RF00926,RF00927,RF00928,RF00929,RF00931,RF00932,RF00933,RF00934,RF00935,RF00936,RF00937,RF00939,RF00941,RF00942,RF00943,RF00945,RF00946,RF00947,RF00948,RF00949,RF00950,RF00951,RF00952,RF00953,RF00954,RF00956,RF00958,RF00959,RF00960,RF00961,RF00962,RF00963,RF00964,RF00965,RF00966,RF00967,RF00968,RF00969,RF00970,RF00971,RF00972,RF00973,RF00974,RF00975,RF00976,RF00977,RF00978,RF00979,RF00980,RF00981,RF00983,RF00984,RF00985,RF00987,RF00988,RF00989,RF00990,RF00991,RF00992,RF00993,RF00994,RF00995,RF00996,RF00997,RF00998,RF01000,RF01001,RF01002,RF01003,RF01004,RF01005,RF01006,RF01007,RF01008,RF01009,RF01010,RF01011,RF01012,RF01013,RF01014,RF01015,RF01016,RF01018,RF01019,RF01020,RF01021,RF01022,RF01023,RF01024,RF01025,RF01026,RF01027,RF01028,RF01029,RF01030,RF01031,RF01033,RF01034,RF01035,RF01036,RF01037,RF01038,RF01039,RF01040,RF01041,RF01042,RF01043,RF01044,RF01045,RF01046,RF01047,RF01050,RF01052,RF01059,RF01061,RF01064,RF01065,RF01066,RF01069,RF01071,RF01072,RF01077,RF01080,RF01082,RF01084,RF01085,RF01087,RF01089,RF01093,RF01117,RF01119,RF01120,RF01121,RF01122,RF01123,RF01124,RF01125,RF01126,RF01127,RF01128,RF01129,RF01130,RF01131,RF01132,RF01133,RF01134,RF01135,RF01136,RF01137,RF01138,RF01139,RF01140,RF01141,RF01142,RF01144,RF01145,RF01147,RF01149,RF01150,RF01152,RF01153,RF01156,RF01157,RF01159,RF01164,RF01165,RF01166,RF01168,RF01169,RF01170,RF01171,RF01172,RF01175,RF01176,RF01177,RF01178,RF01179,RF01181,RF01182,RF01183,RF01185,RF01186,RF01188,RF01189,RF01191,RF01192,RF01194,RF01195,RF01198,RF01200,RF01201,RF01202,RF01203,RF01204,RF01207,RF01208,RF01209,RF01211,RF01214,RF01218,RF01221,RF01222,RF01225,RF01226,RF01230,RF01231,RF01233,RF01234,RF01238,RF01239,RF01241,RF01242,RF01249,RF01251,RF01253,RF01255,RF01256,RF01257,RF01258,RF01259,RF01261,RF01262,RF01263,RF01264,RF01265,RF01267,RF01268,RF01270,RF01271,RF01272,RF01273,RF01274,RF01275,RF01276,RF01277,RF01278,RF01279,RF01280,RF01283,RF01284,RF01285,RF01286,RF01287,RF01288,RF01289,RF01290,RF01292,RF01294,RF01295,RF01296,RF01297,RF01298,RF01299,RF01301,RF01303,RF01304,RF01305,RF01306,RF01307,RF01308,RF01309,RF01310,RF01312,RF01313,RF01314,RF01318,RF01321,RF01323,RF01328,RF01331,RF01334,RF01338,RF01342,RF01345,RF01346,RF01347,RF01356,RF01357,RF01359,RF01362,RF01363,RF01367,RF01369,RF01370,RF01373,RF01376,RF01379,RF01384,RF01386,RF01387,RF01388,RF01390,RF01391,RF01393,RF01394,RF01395,RF01397,RF01400,RF01402,RF01405,RF01407,RF01408,RF01409,RF01412,RF01413,RF01416,RF01417,RF01418,RF01420,RF01422,RF01423,RF01424,RF01426,RF01428,RF01429,RF01430,RF01431,RF01432,RF01434,RF01435,RF01436,RF01437,RF01438,RF01439,RF01441,RF01443,RF01444,RF01445,RF01447,RF01449,RF01450,RF01456,RF01457,RF01459,RF01460,RF01461,RF01464,RF01465,RF01468,RF01469,RF01470,RF01472,RF01473,RF01474,RF01476,RF01477,RF01478,RF01479,RF01480,RF01481,RF01485,RF01487,RF01489,RF01490,RF01491,RF01494,RF01495,RF01496,RF01497,RF01498,RF01499,RF01502,RF01503,RF01504,RF01505,RF01506,RF01509,RF01511,RF01512,RF01513,RF01514,RF01526,RF01527,RF01528,RF01530,RF01533,RF01534,RF01537,RF01539,RF01543,RF01544,RF01545,RF01546,RF01547,RF01556,RF01559,RF01561,RF01563,RF01565,RF01566,RF01569,RF01570,RF01574,RF01577,RF01578,RF01579,RF01580,RF01581,RF01582,RF01583,RF01584,RF01586,RF01587,RF01588,RF01589,RF01590,RF01591,RF01592,RF01596,RF01598,RF01599,RF01600,RF01602,RF01604,RF01605,RF01606,RF01607,RF01608,RF01611,RF01612,RF01613,RF01615,RF01618,RF01619,RF01622,RF01623,RF01625,RF01626,RF01629,RF01631,RF01632,RF01633,RF01634,RF01635,RF01638,RF01639,RF01640,RF01641,RF01644,RF01645,RF01646,RF01647,RF01648,RF01652,RF01653,RF01654,RF01656,RF01658,RF01660,RF01661,RF01662,RF01663,RF01664,RF01666,RF01667,RF01670,RF01673,RF01674,RF01675,RF01677,RF01678,RF01679,RF01681,RF01683,RF01684,RF01687,RF01688,RF01694,RF01695,RF01696,RF01698,RF01699,RF01700,RF01702,RF01703,RF01704,RF01705,RF01715,RF01719,RF01723,RF01726,RF01729,RF01730,RF01731,RF01734,RF01738,RF01739,RF01740,RF01742,RF01746,RF01751,RF01752,RF01756,RF01757,RF01758,RF01760,RF01762,RF01763,RF01765,RF01766,RF01768,RF01769,RF01770,RF01772,RF01773,RF01774,RF01776,RF01787,RF01788,RF01789,RF01790,RF01791,RF01794,RF01796,RF01798,RF01800,RF01804,RF01808,RF01809,RF01811,RF01812,RF01813,RF01815,RF01816,RF01818,RF01820,RF01822,RF01823,RF01824,RF01825,RF01828,RF01829,RF01831,RF01835,RF01836,RF01837,RF01845,RF01846,RF01847,RF01848,RF01849,RF01850,RF01851,RF01852,RF01853,RF01854,RF01855,RF01856,RF01857,RF01858,RF01859,RF01860,RF01861,RF01862,RF01863,RF01864,RF01866,RF01867,RF01873,RF01881,RF01895,RF01896,RF01897,RF01898,RF01899,RF01900,RF01901,RF01902,RF01903,RF01910,RF01911,RF01912,RF01913,RF01914,RF01915,RF01916,RF01917,RF01918,RF01919,RF01920,RF01921,RF01922,RF01923,RF01924,RF01925,RF01926,RF01927,RF01936,RF01937,RF01938,RF01939,RF01940,RF01941,RF01943,RF01944,RF01945,RF01946,RF01947,RF01959,RF01960,RF01987,RF01988,RF01989,RF01991,RF01996,RF01997,RF01999,RF02000,RF02006,RF02007,RF02008,RF02009,RF02010,RF02011,RF02014,RF02015,RF02017,RF02018,RF02019,RF02020,RF02021,RF02022,RF02023,RF02024,RF02025,RF02026,RF02027,RF02029,RF02030,RF02031,RF02032,RF02034,RF02053,RF02054,RF02056,RF02057,RF02058,RF02061,RF02063,RF02064,RF02066,RF02067,RF02068,RF02069,RF02074,RF02075,RF02076,RF02079,RF02082,RF02083,RF02084,RF02092,RF02093,RF02094,RF02095,RF02097,RF02100,RF02108,RF02115,RF02142,RF02144,RF02149,RF02151,RF02163,RF02170,RF02172,RF02178,RF02181,RF02182,RF02190,RF02194,RF02204,RF02214,RF02215,RF02221,RF02223,RF02225,RF02230,RF02231,RF02232,RF02233,RF02238,RF02239,RF02243,RF02244,RF02245,RF02253,RF02254,RF02260,RF02261,RF02262,RF02263,RF02264,RF02265,RF02266,RF02268,RF02271,RF02273,RF02274,RF02275,RF02277,RF02278,RF02283,RF02284,RF02285,RF02287,RF02288,RF02291,RF02293,RF02294,RF02295,RF02299,RF02301,RF02303,RF02309,RF02312,RF02316,RF02323,RF02325,RF02327,RF02330,RF02331,RF02335,RF02336,RF02337,RF02338,RF02340,RF02342,RF02343,RF02344,RF02345,RF02346,RF02350,RF02351,RF02353,RF02354,RF02355,RF02356,RF02357,RF02360,RF02363,RF02365,RF02366,RF02367,RF02369,RF02371,RF02375,RF02376,RF02377,RF02378,RF02384,RF02386,RF02396,RF02397,RF02399,RF02400,RF02401,RF02402,RF02403,RF02405,RF02406,RF02407,RF02408,RF02409,RF02410,RF02411,RF02412,RF02416,RF02417,RF02420,RF02422,RF02423,RF02424,RF02427,RF02428,RF02430,RF02431,RF02432,RF02433,RF02435,RF02436,RF02437,RF02438,RF02442,RF02449,RF02450,RF02451,RF02452,RF02453,RF02460,RF02469,RF02470,RF02471,RF02472,RF02473,RF02480,RF02488,RF02495,RF02501,RF02502,RF02503,RF02505,RF02516,RF02517,RF02518,RF02519,RF02520,RF02521,RF02526,RF02527,RF02528,RF02536,RF02539,RF02540,RF02541,RF02542,RF02543,RF02544,RF02545,RF02551,RF02552,RF02553,RF02556,RF02558,RF02559,RF02563,RF02565,RF02566,RF02567,RF02569,RF02570,RF02571,RF02574,RF02577,RF02578,RF02580,RF02581,RF02583,RF02590,RF02591,RF02592,RF02593,RF02595,RF02598,RF02600,RF02601,RF02604,RF02607,RF02608,RF02609,RF02610,RF02611,RF02612,RF02616,RF02617,RF02618,RF02619,RF02620,RF02621,RF02625,RF02626,RF02628,RF02629,RF02630,RF02631,RF02632,RF02634,RF02635,RF02637,RF02638,RF02639,RF02641,RF02646,RF02647,RF02649,RF02650,RF02651,RF02654,RF02655,RF02657,RF02659,RF02660,RF02661,RF02662,RF02663,RF02667,RF02668,RF02669,RF02672,RF02673,RF02677,RF02682,RF02688,RF02689,RF02690,RF02691,RF02694,RF02698,RF02702,RF02703,RF02706,RF02707,RF02711,RF02712,RF02723,RF02724,RF02725,RF02726,RF02728,RF02731,RF02732,RF02735,RF02737,RF02738,RF02741,RF02742,RF02743,RF02744,RF02745,RF02749,RF02752,RF02760,RF02761,RF02762,RF02763,RF02766,RF02767,RF02768,RF02769,RF02771,RF02777,RF02784,RF02790,RF02792,RF02794,RF02795,RF02796,RF02798,RF02799,RF02801,RF02805,RF02806,RF02807,RF02809,RF02812,RF02814,RF02818,RF02820,RF02828,RF02830,RF02832,RF02833,RF02834,RF02837,RF02838,RF02839,RF02843,RF02844,RF02845,RF02846,RF02847,RF02849,RF02852,RF02855,RF02858,RF02859,RF02860,RF02862,RF02863,RF02864,RF02865,RF02866,RF02867,RF02868,RF02869,RF02870,RF02871,RF02876,RF02877,RF02878,RF02880,RF02883,RF02884,RF02885,RF02886,RF02891,RF02892,RF02894,RF02898,RF02899,RF02900,RF02901,RF02903,RF02905,RF02906,RF02914,RF02919,RF02920,RF02926,RF02933,RF02936,RF02937,RF02938,RF02941,RF02942,RF02943,RF02944,RF02945,RF02953,RF02963,RF02964,RF02972,RF02973,RF02978,RF02983,RF02984,RF02985,RF02986,RF02987,RF02995,RF03000,RF03013,RF03017,RF03032,RF03036,RF03039,RF03046,RF03048,RF03062,RF03069,RF03071,RF03075,RF03081,RF03088,RF03097,RF03098,RF03101,RF03105,RF03108,RF03116,RF03117,RF03118,RF03119,RF03120,RF03121,RF03122,RF03123,RF03124,RF03125,RF03129,RF03135,RF03136,RF03143,RF03147,RF03150,RF03155,RF03159,RF03162,RF03163,RF03171,RF03172,RF03173,RF03174,RF03175,RF03177,RF03178,RF03179,RF03180,RF03181,RF03182,RF03183,RF03184,RF03185,RF03186,RF03187,RF03188,RF03189,RF03190,RF03191,RF03192,RF03193,RF03194,RF03195,RF03196,RF03197,RF03198,RF03199,RF03200,RF03201,RF03202,RF03203,RF03204,RF03205,RF03206,RF03207,RF03208,RF03209,RF03210,RF03211,RF03212,RF03213,RF03215,RF03216,RF03217,RF03218,RF03219,RF03220,RF03221,RF03222,RF03223,RF03224,RF03225,RF03226,RF03227,RF03229,RF03230,RF03231,RF03232,RF03233,RF03234,RF03235,RF03236,RF03237,RF03238,RF03239,RF03240,RF03242,RF03243,RF03244,RF03246,RF03247,RF03248,RF03249,RF03251,RF03252,RF03253,RF03255,RF03256,RF03257,RF03258,RF03259,RF03260,RF03262,RF03263,RF03264,RF03265,RF03266,RF03267,RF03268,RF03269,RF03271,RF03272,RF03274,RF03275,RF03276,RF03277,RF03278,RF03279,RF03280,RF03283,RF03284,RF03285,RF03286,RF03287,RF03288,RF03289,RF03290,RF03291,RF03292,RF03293,RF03294,RF03295,RF03296,RF03297,RF03298,RF03299,RF03300,RF03301,RF03302,RF03303,RF03304,RF03305,RF03306,RF03307,RF03308,RF03309,RF03310,RF03311,RF03312,RF03313,RF03314,RF03315,RF03316,RF03317,RF03318,RF03319,RF03321,RF03322,RF03323,RF03324,RF03325,RF03326,RF03327,RF03328,RF03329,RF03330,RF03331,RF03332,RF03333,RF03334,RF03335,RF03336,RF03337,RF03338,RF03339,RF03340,RF03341,RF03342,RF03343,RF03344,RF03345,RF03346,RF03347,RF03348,RF03349,RF03350,RF03351,RF03352,RF03353,RF03354,RF03355,RF03356,RF03357,RF03358,RF03359,RF03360,RF03361,RF03362,RF03363,RF03364,RF03366,RF03367,RF03369,RF03370,RF03371,RF03372,RF03373,RF03374,RF03375,RF03376,RF03377,RF03378,RF03379,RF03380,RF03381,RF03382,RF03383,RF03384,RF03385,RF03386,RF03387,RF03389,RF03390,RF03391,RF03392,RF03393,RF03394,RF03395,RF03396,RF03397,RF03398,RF03399,RF03400,RF03401,RF03402,RF03403,RF03404,RF03405,RF03406,RF03407,RF03408,RF03409,RF03410,RF03411,RF03412,RF03413,RF03414,RF03416,RF03417,RF03418,RF03419,RF03420,RF03421,RF03422,RF03423,RF03424,RF03425,RF03426,RF03427,RF03428,RF03429,RF03430,RF03431,RF03432,RF03433,RF03434,RF03435,RF03436,RF03437,RF03438,RF03439,RF03440,RF03441,RF03442,RF03443,RF03444,RF03445,RF03447,RF03448,RF03449,RF03450,RF03451,RF03452,RF03453,RF03454,RF03456,RF03457,RF03458,RF03459,RF03460,RF03461,RF03462,RF03463,RF03464,RF03465,RF03466,RF03467,RF03468,RF03469,RF03470,RF03471,RF03472,RF03473,RF03474,RF03475,RF03476,RF03477,RF03478,RF03479,RF03480,RF03481,RF03482,RF03483,RF03484,RF03485,RF03486,RF03487,RF03488,RF03489,RF03490,RF03491,RF03492,RF03493,RF03494,RF03495,RF03496,RF03497,RF03498,RF03499,RF03500,RF03501,RF03502,RF03503,RF03504,RF03505,RF03506,RF03507,RF03508,RF03509,RF03510,RF03511,RF03512,RF03514,RF03516,RF03517,RF03518,RF03519,RF03520,RF03522,RF03523,RF03524,RF03525,RF03526,RF03527,RF03528,RF03530,RF03532,RF03533,RF03534,RF03540,RF03545,RF03548,RF03549,RF03550,RF03552,RF03553,RF03554,RF03555,RF03556,RF03557,RF03558,RF03559,RF03560,RF03561,RF03562,RF03563,RF03564,RF03565,RF03566,RF03567,RF03568,RF03569,RF03571,RF03572,RF03573,RF03574,RF03575,RF03577,RF03578,RF03579,RF03581,RF03582,RF03583,RF03584,RF03585,RF03586,RF03587,RF03588,RF03589,RF03590,RF03591,RF03592,RF03593,RF03594,RF03595,RF03596,RF03597,RF03598,RF03599,RF03600,RF03601,RF03602,RF03603,RF03604,RF03605,RF03606,RF03607,RF03609,RF03610,RF03611,RF03612,RF03613,RF03614,RF03615,RF03616,RF03617,RF03618,RF03619,RF03620,RF03621,RF03622,RF03623,RF03626,RF03627,RF03628,RF03629,RF03630,RF03631,RF03632,RF03633,RF03634,RF03635,RF03636,RF03637,RF03638,RF03639,RF03640,RF03641,RF03642,RF03643,RF03644,RF03645,RF03646,RF03647,RF03648,RF03649,RF03650,RF03651,RF03652,RF03653,RF03654,RF03655,RF03656,RF03657,RF03658,RF03659,RF03660,RF03661,RF03662,RF03663,RF03664,RF03665,RF03666,RF03667,RF03668,RF03669,RF03670,RF03671,RF03672,RF03673,RF03674,RF03675,RF03676,RF03677,RF03678,RF03679,RF03680,RF03681,RF03682,RF03683,RF03684,RF03685,RF03686,RF03687,RF03688,RF03689,RF03691,RF03692,RF03693,RF03694,RF03695,RF03696,RF03697,RF03698,RF03699,RF03700,RF03701,RF03702,RF03703,RF03704,RF03705,RF03706,RF03707,RF03709,RF03710,RF03711,RF03712,RF03713,RF03714,RF03715,RF03716,RF03717,RF03718,RF03719,RF03720,RF03721,RF03722,RF03723,RF03724,RF03725,RF03726,RF03727,RF03728,RF03729,RF03730,RF03731,RF03732,RF03733,RF03734,RF03735,RF03736,RF03737,RF03738,RF03739,RF03741,RF03742,RF03743,RF03744,RF03745,RF03746,RF03747,RF03748,RF03749,RF03750,RF03751,RF03752,RF03753,RF03754,RF03755,RF03756,RF03757,RF03758,RF03759,RF03760,RF03761,RF03762,RF03763,RF03764,RF03765,RF03766,RF03767,RF03768,RF03769,RF03770,RF03771,RF03773,RF03774,RF03775,RF03776,RF03777,RF03778,RF03779,RF03780,RF03781,RF03782,RF03783,RF03784,RF03785,RF03786,RF03787,RF03788,RF03789,RF03790,RF03791,RF03792,RF03793,RF03794,RF03795,RF03796,RF03797,RF03798,RF03799,RF03800,RF03801,RF03802,RF03803,RF03804,RF03805,RF03806,RF03807,RF03808,RF03809,RF03811,RF03812,RF03813,RF03814,RF03815,RF03816,RF03817,RF03818,RF03819,RF03820,RF03821,RF03822,RF03823,RF03824,RF03825,RF03826,RF03827,RF03828,RF03829,RF03830,RF03831,RF03832,RF03833,RF03834,RF03835,RF03836,RF03837,RF03839,RF03840,RF03841,RF03842,RF03843,RF03844,RF03845,RF03846,RF03847,RF03848,RF03849,RF03850,RF03851,RF03852,RF03853,RF03854,RF03855,RF03856,RF03857,RF03858,RF03859,RF03860,RF03861,RF03862,RF03863,RF03864,RF03865,RF03866,RF03867,RF03868,RF03869,RF03870,RF03871,RF03872,RF03873,RF03874,RF03875,RF03876,RF03877,RF03878,RF03879,RF03880,RF03881,RF03882,RF03883,RF03884,RF03885,RF03886,RF03887,RF03888,RF03889,RF03890,RF03891,RF03892,RF03893,RF03894,RF03896,RF03897,RF03898,RF03899,RF03900,RF03901,RF03902,RF03903,RF03904,RF03905,RF03906,RF03907,RF03908,RF03909,RF03910,RF03911,RF03912,RF03913,RF03914,RF03915,RF03916,RF03917,RF03918,RF03919,RF03920,RF03921,RF03922,RF03923,RF03924,RF03925,RF03926,RF03927,RF03929,RF03930,RF03931,RF03932,RF03933,RF03934,RF03935,RF03936,RF03937,RF03938,RF03939,RF03940,RF03941,RF03942,RF03943,RF03944,RF03945,RF03946,RF03947,RF03948,RF03949,RF03950,RF03951,RF03952,RF03953,RF03954,RF03955,RF03956,RF03957,RF03958,RF03959,RF03960,RF03961,RF03962,RF03964,RF03965,RF03966,RF03967,RF03968,RF03969,RF03970,RF03971,RF03972,RF03973,RF03974,RF03975,RF03976,RF03977,RF03978,RF03979,RF03980,RF03981,RF03982,RF03983,RF03984,RF03985,RF03986,RF03987,RF03988,RF03989,RF03990,RF03991,RF03992,RF03993,RF03994,RF03995,RF03996,RF03997,RF03999,RF04001,RF04002,RF04003,RF04004,RF04006,RF04007,RF04008,RF04010,RF04011,RF04013,RF04014,RF04015,RF04016,RF04017,RF04018,RF04019,RF04020,RF04021,RF04022,RF04023,RF04024,RF04026,RF04027,RF04028,RF04029,RF04030,RF04031,RF04032,RF04035,RF04036,RF04037,RF04038,RF04039,RF04040,RF04041,RF04042,RF04043,RF04044,RF04047,RF04048,RF04049,RF04050,RF04051,RF04052,RF04053,RF04054,RF04055,RF04056,RF04057,RF04059,RF04060,RF04061,RF04062,RF04063,RF04064,RF04065,RF04066,RF04067,RF04068,RF04069,RF04070,RF04071,RF04072,RF04073,RF04074,RF04075,RF04076,RF04077,RF04078,RF04079,RF04080,RF04081,RF04082,RF04083,RF04084,RF04085,RF04087,RF04088,RF04089,RF04090,RF04091,RF04092,RF04093,RF04094,RF04095,RF04096,RF04097,RF04098,RF04099,RF04100,RF04101,RF04102,RF04103,RF04104,RF04105,RF04106,RF04107,RF04108,RF04109,RF04110,RF04111,RF04112,RF04113,RF04114,RF04115,RF04116,RF04117,RF04118,RF04119,RF04120,RF04121,RF04122,RF04123,RF04124,RF04125,RF04126,RF04127,RF04128,RF04129,RF04130,RF04131,RF04132,RF04133,RF04134,RF04135,RF04136,RF04137,RF04138,RF04139,RF04140,RF04141,RF04142,RF04143,RF04144,RF04145,RF04146,RF04147,RF04148,RF04149,RF04150,RF04151,RF04152,RF04153,RF04154,RF04155,RF04156,RF04157,RF04158,RF04159,RF04160,RF04161,RF04162,RF04163,RF04164,RF04165,RF04166,RF04167,RF04168,RF04169,RF04170,RF04171,RF04172,RF04173,RF04174,RF04175,RF04176,RF04177,RF04178,RF04179,RF04180,RF04182,RF04183,RF04184,RF04185,RF04186,RF04187,RF04192,RF04193,RF04194,RF04195,RF04196,RF04197,RF04198,RF04199,RF04201,RF04202,RF04203,RF04204,RF04205,RF04206,RF04207,RF04208,RF04209,RF04210,RF04211,RF04212,RF04213,RF04214,RF04215,RF04216,RF04217,RF04220,RF04223,RF04224,RF04225,RF04226,RF04228,RF04229,RF04230,RF04231,RF04233,RF04234,RF04235,RF04236,RF04237,RF04238,RF04239,RF04240,RF04241,RF04242,RF04243,RF04244,RF04245,RF04246,RF04247,RF04248,RF04249,RF04250,RF04251,RF04252,RF04254,RF04255,RF04257,RF04258,RF04259,RF04260,RF04261,RF04262,RF04263,RF04264,RF04265,RF04267,RF04268,RF04269,RF04270,RF04272,RF04273,RF04274,RF04275,RF04276,RF04277,RF04278,RF04279,RF04280,RF04281,RF04282,RF04283,RF04284,RF04285,RF04286,RF04287,RF04288,RF04289,RF04290,RF04291,RF04292,RF04293,RF04294,RF04295,RF04296,RF04297,RF04298,RF04299,RF04300,RF04301,RF04302,RF04303,RF04306,RF04307
C00001	val	1	1	RF01100
C00003	val	1	1	RF01107
C00005	val	1	1	RF01143
C00007	val	1	1	RF01375
C00009	val	1	1	RF01562
C00011	val	1	1	RF01567
C00013	val	1	1	RF01650
C00015	val	1	1	RF02279
C00017	val	1	1	RF02286
C00019	val	1	1	RF02290
C00021	val	1	1	RF02296
C00023	val	1	1	RF02300
C00025	val	1	1	RF02305
C00027	val	1	1	RF02307
C00029	val	1	1	RF02313
C00031	val	1	1	RF02318
C00033	val	1	1	RF02320
C00035	val	1	1	RF02322
C00037	val	1	1	RF02326
C00039	val	1	1	RF02329
C00041	val	1	1	RF02333
C00043	val	1	1	RF02358
C00045	val	1	1	RF02387
C00047	val	1	1	RF02390
C00049	val	1	1	RF02394
C00051	val	1	1	RF02398
C00053	val	1	1	RF02443
C00055	val	1	1	RF02468
C00057	val	1	1	RF02475
C00059	val	1	1	RF02477
C00061	val	1	1	RF02479
C00063	val	1	1	RF02483
C00065	val	1	1	RF02485
C00067	val	1	1	RF02487
C00069	val	1	1	RF02490
C00071	val	1	1	RF02492
C00073	val	1	1	RF02494
C00075	val	1	1	RF02522
C00077	val	1	1	RF02529
C00079	val	1	1	RF02538
C00081	val	1	1	RF02562
C00083	val	1	1	RF02582
C00085	val	1	1	RF02615
C00087	val	1	1	RF02642
C00089	val	1	1	RF02696
C00091	val	1	1	RF02709
C00093	val	1	1	RF02717
C00095	val	1	1	RF02733
C00097	val	1	1	RF02772
C00099	val	1	1	RF02811
C00101	val	1	1	RF02950
C00103	val	1	1	RF03091
C00105	val	1	1	RF03149
C00107	val	1	1	RF04219
C00109	val	1	1	RF04232
C00111	val	1	1	RF04309
C00113	val	1	2	RF00290
C00115	val	1	2	RF01075
C00117	val	1	2	RF01095
C00119	val	1	2	RF01102
C00121	val	1	2	RF01106
C00123	val	1	2	RF01350
C00125	val	1	2	RF01368
C00127	val	1	2	RF01446
C00129	val	1	2	RF01516
C00131	val	1	2	RF01572
C00133	val	1	2	RF01575
C00135	val	1	2	RF01672
C00137	val	1	2	RF01682
C00139	val	1	2	RF01783
C00141	val	1	2	RF01890
C00143	val	1	2	RF02297
C00145	val	1	2	RF02311
C00147	val	1	2	RF02315
C00149	val	1	2	RF02429
C00151	val	1	2	RF02550
C00153	val	1	2	RF02614
C00155	val	1	2	RF02686
C00157	val	1	2	RF02708
C00159	val	1	2	RF02747
C00161	val	1	2	RF02853
C00163	val	1	2	RF03104
C00165	val	1	2	RF04025
C00167	val	2	2	RF02280,RF02308
C00169	val	1	3	RF00173
C00171	val	1	3	RF00500
C00173	val	1	3	RF01081
C00175	val	1	3	RF01101
C00177	val	1	3	RF01361
C00179	val	1	3	RF01442
C00181	val	1	3	RF01714
C00183	val	1	3	RF02048
C00185	val	1	3	RF02359
C00187	val	1	3	RF02530
C00189	val	1	3	RF02561
C00191	val	1	3	RF02644
C00193	val	1	3	RF02785
C00195	val	1	3	RF02980
C00197	val	1	3	RF03100
C00199	val	1	3	RF03455
C00201	val	1	4	RF00122
C00203	val	1	4	RF00390
C00205	val	1	4	RF01078
C00207	val	1	4	RF01104
C00209	val	1	4	RF01351
C00211	val	1	4	RF01403
C00213	val	1	4	RF01838
C00215	val	1	4	RF02059
C00217	val	1	4	RF02071
C00219	val	1	4	RF02078
C00221	val	1	4	RF02643
C00223	val	1	4	RF02734
C00225	val	1	4	RF03094
C00227	val	1	4	RF03281
C00229	val	1	5	RF00235
C00231	val	1	5	RF00453
C00233	val	1	5	RF01199
C00235	val	1	5	RF01235
C00237	val	1	5	RF01374
C00239	val	1	5	RF01463
C00241	val	1	5	RF01493
C00243	val	1	5	RF01833
C00245	val	1	5	RF01935
C00247	val	1	5	RF02050
C00249	val	1	5	RF02393
C00251	val	1	5	RF02652
C00253	val	1	5	RF02873
C00255	val	1	5	RF03368
C00257	val	1	6	RF01354
C00259	val	1	6	RF01488
C00261	val	1	6	RF01551
C00263	val	1	6	RF01802
C00265	val	1	6	RF02077
C00267	val	1	6	RF02088
C00269	val	1	6	RF02445
C00271	val	1	6	RF02756
C00273	val	1	6	RF02815
C00275	val	1	7	RF00182
C00277	val	1	7	RF01190
C00279	val	1	7	RF01466
C00281	val	1	7	RF02065
C00283	val	1	7	RF02633
C00285	val	1	7	RF02715
C00287	val	1	7	RF03810
C00289	val	1	8	RF00293
C00291	val	1	8	RF01091
C00293	val	1	8	RF01467
C00295	val	1	8	RF01621
C00297	val	1	8	RF01636
C00299	val	1	8	RF02073
C00301	val	1	8	RF02258
C00303	val	1	8	RF02786
C00305	val	1	8	RF02874
C00307	val	1	8	RF03030
C00309	val	1	8	RF03065
C00311	val	1	9	RF00119
C00313	val	1	9	RF01324
C00315	val	1	9	RF01609
C00317	val	1	9	RF01780
C00319	val	1	9	RF02257
C00321	val	1	10	RF00310
C00323	val	1	10	RF01643
C00325	val	1	10	RF01929
C00327	val	1	10	RF02622
C00329	val	1	10	RF02974
C00331	val	1	10	RF03580
C00333	val	1	11	RF00039
C00335	val	1	11	RF00462
C00337	val	1	11	RF01389
C00339	val	1	11	RF01603
C00341	val	1	11	RF01930
C00343	val	1	11	RF03012
C00345	val	1	11	RF03570
C00347	val	1	12	RF00437
C00349	val	1	12	RF01642
C00351	val	1	12	RF02548
C00353	val	1	12	RF02727
C00355	val	1	12	RF02904
C00357	val	1	12	RF03050
C00359	val	1	13	RF01243
C00361	val	1	13	RF01535
C00363	val	1	13	RF01617
C00365	val	1	13	RF01933
C00367	val	1	13	RF02687
C00369	val	1	13	RF02740
C00371	val	1	13	RF02947
C00373	val	1	14	RF01333
C00375	val	1	14	RF01523
C00377	val	1	14	RF01557
C00379	val	1	14	RF01593
C00381	val	1	14	RF01885
C00383	val	1	14	RF02028
C00385	val	1	14	RF02135
C00387	val	1	14	RF02444
C00389	val	1	14	RF03146
C00391	val	1	14	RF03895
C00393	val	2	14	RF01839,RF01841
C00395	val	1	15	RF01553
C00397	val	1	15	RF01601
C00399	val	1	15	RF02134
C00401	val	1	15	RF02171
C00403	val	1	15	RF02374
C00405	val	1	15	RF02816
C00407	val	1	15	RF03254
C00409	val	2	15	RF02890,RF03535
C00412	val	1	16	RF00441
C00414	val	1	16	RF01531
C00416	val	1	16	RF01886
C00418	val	1	16	RF02207
C00420	val	1	16	RF02721
C00422	val	1	17	RF01196
C00424	val	1	17	RF01555
C00426	val	1	17	RF01931
C00428	val	1	17	RF02426
C00430	val	1	18	RF00305
C00432	val	1	18	RF00986
C00434	val	1	18	RF01552
C00436	val	1	18	RF02665
C00438	val	1	18	RF02842
C00440	val	1	19	RF01536
C00442	val	1	19	RF02512
C00444	val	1	19	RF02934
C00446	val	1	19	RF03061
C00448	val	1	20	RF00227
C00450	val	1	20	RF01160
C00452	val	1	20	RF01525
C00454	val	1	20	RF01550
C00456	val	1	20	RF02788
C00458	val	1	20	RF02990
C00460	val	1	21	RF01415
C00462	val	1	21	RF02454
C00464	val	1	22	RF00025
C00466	val	1	22	RF01162
C00468	val	1	22	RF02060
C00470	val	1	22	RF02623
C00472	val	1	22	RF02705
C00474	val	1	22	RF02765
C00476	val	2	22	RF01074,RF01079
C00479	val	1	23	RF01250
C00481	val	1	23	RF02197
C00483	val	3	23	RF01722,RF02802,RF02808
C00487	val	1	26	RF00505
C00489	val	1	26	RF01743
C00491	val	1	26	RF02434
C00493	val	1	26	RF03093
C00495	val	1	27	RF01401
C00497	val	1	27	RF02497
C00499	val	1	28	RF02098
C00501	val	1	28	RF02678
C00503	val	1	28	RF04181
C00505	val	1	29	RF02750
C00507	val	1	29	RF02959
C00509	val	1	30	RF01541
C00511	val	1	30	RF03109
C00513	val	1	31	RF02613
C00515	val	2	32	RF01326,RF01358
C00517	val	1	33	RF01244
C00519	val	1	33	RF02036
C00521	val	1	33	RF02908
C00523	val	1	34	RF02949
C00525	val	1	35	RF00531
C00527	val	1	35	RF02102
C00529	val	1	35	RF02991
C00531	val	1	36	RF01522
C00533	val	1	36	RF02897
C00535	val	1	37	RF02129
C00537	val	1	37	RF02961
C00539	val	1	38	RF01344
C00541	val	1	38	RF02507
C00543	val	1	38	RF03022
C00545	val	1	40	RF01713
C00546	val	1	40	RF02824
C00547	val	1	41	RF00063
C00549	val	1	41	RF01158
C00551	val	1	42	RF03035
C00553	val	1	43	RF02825
C00555	val	1	43	RF02994
C00557	val	1	44	RF00327
C00559	val	1	44	RF01810
C00561	val	1	45	RF01293
C00563	val	1	45	RF02448
C00565	val	1	45	RF02861
C00567	val	1	46	RF00242
C00569	val	1	46	RF02218
C00571	val	1	47	RF01099
C00573	val	1	49	RF01710
C00575	val	1	50	RF01753
C00577	val	1	50	RF02918
C00579	val	1	52	RF00301
C00581	val	1	52	RF02917
C00583	val	1	53	RF01821
C00585	val	2	53	RF03016,RF03029
C00588	val	1	54	RF01223
C00589	val	1	55	RF00454
C00591	val	1	55	RF03052
C00593	val	1	56	RF02191
C00595	val	1	57	RF00617
C00597	val	1	57	RF01775
C00599	val	1	58	RF02114
C00601	val	1	58	RF02606
C00603	val	1	59	RF03008
C00605	val	1	60	RF02137
C00607	val	1	60	RF02981
C00609	val	1	61	RF01212
C00611	val	1	61	RF03133
C00613	val	1	62	RF02764
C00615	val	1	63	RF01197
C00617	val	1	64	RF01985
C00619	val	1	65	RF00474
C00621	val	1	65	RF01718
C00623	val	1	66	RF00351
C00625	val	1	66	RF01383
C00627	val	1	66	RF02200
C00629	val	1	67	RF00291
C00631	val	1	67	RF02952
C00633	val	1	68	RF02157
C00635	val	1	68	RF03027
C00637	val	1	69	RF02117
C00639	val	1	69	RF03033
C00641	val	1	70	RF00483
C00643	val	1	70	RF01184
C00645	val	1	70	RF01974
C00647	val	1	70	RF03011
C00649	val	1	71	RF00371
C00651	val	1	71	RF03131
C00653	val	1	73	RF02147
C00655	val	1	74	RF02119
C00657	val	1	74	RF02226
C00659	val	1	75	RF01948
C00661	val	1	75	RF02269
C00663	val	1	76	RF02887
C00665	val	1	77	RF00529
C00667	val	1	77	RF02851
C00669	val	1	78	RF00507
C00671	val	1	79	RF02123
C00673	val	2	79	RF02161,RF02259
C00675	val	1	82	RF01874
C00677	val	1	82	RF02192
C00679	val	1	82	RF04189
C00681	val	1	83	RF01325
C00683	val	1	84	RF00528
C00685	val	1	84	RF02118
C00687	val	1	84	RF02183
C00689	val	1	84	RF02589
C00691	val	1	85	RF01712
C00693	val	1	85	RF02167
C00695	val	1	86	RF02121
C00697	val	1	86	RF02199
C00699	val	1	86	RF02208
C00701	val	1	87	RF01906
C00703	val	1	87	RF01972
C00705	val	1	87	RF02955
C00707	val	1	87	RF03112
C00709	val	1	88	RF00461
C00711	val	1	89	RF02198
C00713	val	1	90	RF02132
C00715	val	1	90	RF02414
C00717	val	1	91	RF01871
C00719	val	1	91	RF02107
C00721	val	1	91	RF03038
C00723	val	1	92	RF01872
C00725	val	1	92	RF02150
C00727	val	1	93	RF02045
C00729	val	1	93	RF02154
C00731	val	1	93	RF02419
C00733	val	1	93	RF02531
C00735	val	1	94	RF00183
C00737	val	1	94	RF02203
C00739	val	1	95	RF02272
C00741	val	1	96	RF01458
C00743	val	1	96	RF03070
C00745	val	1	97	RF02179
C00747	val	1	98	RF01887
C00749	val	1	98	RF02751
C00751	val	1	99	RF02051
C00753	val	1	99	RF02175
C00755	val	1	100	RF02201
C00757	val	1	101	RF01965
C00759	val	1	102	RF02131
C00761	val	1	103	RF00387
C00763	val	1	103	RF02989
C00765	val	1	104	RF01888
C00767	val	1	104	RF02341
C00769	val	2	105	RF01266,RF01905
C00771	val	1	106	RF02247
C00773	val	1	107	RF02187
C00775	val	1	108	RF00282
C00777	val	1	108	RF02130
C00779	val	1	108	RF02195
C00781	val	2	108	RF03019,RF03106
C00783	val	1	109	RF01709
C00785	val	1	109	RF01909
C00787	val	1	109	RF02165
C00789	val	1	109	RF03137
C00791	val	1	110	RF02043
C00793	val	1	110	RF02122
C00795	val	1	110	RF04271
C00797	val	1	111	RF02101
C00799	val	1	111	RF03014
C00801	val	1	112	RF00376
C00803	val	1	112	RF01966
C00805	val	1	114	RF00259
C00807	val	1	115	RF01879
C00809	val	1	115	RF02164
C00811	val	1	116	RF02249
C00813	val	1	117	RF02042
C00815	val	1	117	RF02210
C00817	val	1	118	RF02090
C00819	val	1	118	RF02159
C00821	val	1	119	RF02205
C00823	val	1	121	RF00603
C00825	val	1	123	RF02929
C00827	val	1	125	RF02946
C00829	val	1	126	RF01963
C00831	val	1	127	RF01882
C00833	val	1	128	RF04266
C00835	val	1	129	RF01329
C00837	val	1	131	RF01455
C00839	val	1	135	RF02848
C00841	val	1	137	RF03140
C00843	val	1	141	RF02105
C00845	val	1	143	RF00287
C00847	val	1	145	RF02783
C00849	val	1	146	RF03608
C00851	val	1	148	RF02364
C00853	val	1	152	RF02960
C00855	val	1	154	RF00085
C00857	val	1	155	RF00386
C00859	val	1	156	RF03139
C00861	val	1	157	RF02466
C00863	val	1	157	RF02993
C00865	val	1	162	RF00285
C00867	val	1	166	RF01956
C00869	val	1	167	RF02932
C00871	val	1	168	RF02826
C00873	val	1	169	RF00480
C00875	val	1	173	RF01056
C00877	val	1	174	RF02928
C00879	val	1	176	RF01529
C00881	val	1	179	RF00307
C00883	val	1	179	RF02895
C00885	val	1	180	RF02773
C00887	val	1	181	RF01748
C00889	val	4	182	RF01486,RF01501,RF02415,RF02931
C00891	val	1	185	RF01745
C00893	val	1	186	RF02219
C00895	val	1	188	RF01676
C00897	val	1	192	RF03041
C00899	val	1	195	RF02446
C00901	val	1	196	RF02166
C00903	val	1	202	RF01518
C00905	val	1	204	RF01982
C00907	val	2	208	RF00584,RF01173
C00909	val	1	215	RF02046
C00911	val	1	219	RF02797
C00913	val	1	221	RF02362
C00915	val	1	223	RF00223
C00917	val	1	226	RF00226
C00919	val	1	227	RF00113
C00921	val	1	227	RF02103
C00923	val	1	229	RF02679
C00925	val	1	232	RF01500
C00927	val	1	234	RF01427
C00929	val	1	238	RF03130
C00931	val	1	241	RF00222
C00933	val	1	242	RF00394
C00935	val	1	245	RF00112
C00937	val	1	246	RF02413
C00939	val	1	248	RF02692
C00941	val	1	249	RF01797
C00943	val	1	254	RF02373
C00945	val	1	259	RF01759
C00947	val	1	259	RF03060
C00949	val	1	262	RF02252
C00951	val	2	268	RF01336,RF01343
C00953	val	1	272	RF01954
C00955	val	1	277	RF02081
C00957	val	1	287	RF02162
C00959	val	1	290	RF01054
C00961	val	1	300	RF01067
C00963	val	2	302	RF00382,RF02055
C00965	val	1	307	RF01990
C00967	val	1	313	RF01330
C00969	val	1	319	RF03151
C00971	val	1	322	RF03059
C00973	val	1	325	RF03031
C00975	val	1	328	RF02153
C00977	val	2	341	RF00326,RF01594
C00979	val	1	344	RF01720
C00981	val	1	355	RF01236
C00983	val	1	357	RF02138
C00985	val	1	359	RF01736
C00987	val	1	366	RF02969
C00989	val	1	368	RF01844
C00991	val	1	370	RF00109
C00993	val	1	373	RF01717
C00995	val	1	378	RF01708
C00997	val	1	381	RF02379
C00999	val	1	388	RF02893
C01001	val	1	390	RF00556
C01003	val	1	399	RF01953
C01005	val	1	414	RF00068
C01007	val	1	422	RF02141
C01009	val	1	431	RF01951
C01011	val	1	441	RF04227
C01013	val	1	449	RF01281
C01015	val	1	452	RF02968
C01017	val	1	454	RF01968
C01019	val	1	456	RF01970
C01021	val	1	463	RF02872
C01023	val	1	469	RF02160
C01025	val	1	472	RF00081
C01027	val	1	480	RF01728
C01029	val	1	486	RF00586
C01031	val	1	489	RF01894
C01033	val	1	494	RF00350
C01035	val	1	497	RF02782
C01037	val	1	509	RF00487
C01039	val	1	515	RF00199
C01041	val	1	520	RF01884
C01043	val	3	527	RF01732,RF02840,RF03066
C01045	val	1	529	RF00040
C01047	val	1	544	RF01707
C01049	val	1	549	RF00573
C01051	val	1	551	RF00275
C01053	val	1	559	RF01291
C01055	val	1	561	RF00315
C01057	val	1	568	RF02958
C01059	val	1	573	RF00360
C01061	val	1	591	RF01224
C01063	val	1	598	RF00264
C01065	val	2	605	RF00337,RF01300
C01067	val	1	627	RF02829
C01069	val	1	646	RF01213
C01071	val	1	653	RF01229
C01073	val	6	669	RF02921,RF03020,RF03021,RF03025,RF03068,RF03080
C01075	val	1	672	RF01755
C01077	val	1	677	RF02347
C01079	val	1	687	RF00599
C01081	val	1	692	RF01433
C01083	val	1	704	RF01215
C01085	val	1	708	RF02940
C01087	val	1	722	RF03034
C01089	val	1	727	RF03157
C01091	val	1	747	RF03132
C01093	val	1	758	RF01492
C01095	val	2	762	RF00286,RF02666
C01097	val	1	765	RF03026
C01099	val	1	804	RF00628
C01101	val	1	845	RF00402
C01103	val	1	877	RF03054
C01105	val	1	899	RF01317
C01107	val	3	905	RF01335,RF02035,RF02348
C01109	val	3	911	RF01322,RF01340,RF03142
C01111	val	1	919	RF00155
C01113	val	1	966	RF01727
C01115	val	1	977	RF00340
C01117	val	1	986	RF00490
C01119	val	1	999	RF03690
C01121	val	2	1031	RF00062,RF02656
C01123	val	1	1049	RF02645
C01125	val	1	1070	RF00518
C01127	val	1	1079	RF00408
C01129	val	1	1132	RF01070
C01131	val	1	1171	RF01781
C01133	val	1	1190	RF02440
C01135	val	1	1293	RF03057
C01137	val	1	1320	RF01735
C01139	val	1	1349	RF00140
C01141	val	1	1386	RF00096
C01143	val	1	1405	RF02850
C01145	val	1	1422	RF03064
C01147	val	2	1453	RF01421,RF01425
C01149	val	1	1565	RF01803
C01151	val	1	1677	RF03158
C01153	val	1	1706	RF02004
C01155	val	1	1759	RF01068
C01157	val	2	1820	RF03063,RF03076
C01159	val	1	2025	RF01764
C01161	val	1	2100	RF02996
C01163	val	1	2157	RF00517
C01165	val	2	2315	RF03078,RF03086
C01167	val	1	2389	RF00524
C01169	val	1	2587	RF00114
C01171	val	2	2762	RF02913,RF03082
C01173	val	1	2881	RF02510
C01175	val	1	2922	RF03067
C01177	val	2	3202	RF01685,RF01693
C01179	val	1	4235	RF03625
C01181	val	1	4270	RF01419
C01183	val	1	4391	RF01998
C01185	val	1	4944	RF00380
C01187	val	1	5240	RF00622
C01189	val	1	5623	RF00442
C01191	val	1	5963	RF00634
C01193	val	1	6540	RF02819
C01195	val	1	7033	RF00066
C01197	val	1	7529	RF00619
C01199	val	3	12631	RF02003,RF02005,RF02012
C01201	val	1	13043	RF02001
C01203	val	3	13715	RF00167,RF01510,RF03165
C01205	val	1	16994	RF02514
C01207	val	1	21687	RF00379
C01209	val	1	26020	RF00013
C01211	val	2	37144	RF00162,RF01725
C01213	val	1	63358	RF00059
C00002	test	1	1	RF01105
C00004	test	1	1	RF01108
C00006	test	1	1	RF01365
C00008	test	1	1	RF01451
C00010	test	1	1	RF01564
C00012	test	1	1	RF01576
C00014	test	1	1	RF02099
C00016	test	1	1	RF02282
C00018	test	1	1	RF02289
C00020	test	1	1	RF02292
C00022	test	1	1	RF02298
C00024	test	1	1	RF02304
C00026	test	1	1	RF02306
C00028	test	1	1	RF02310
C00030	test	1	1	RF02317
C00032	test	1	1	RF02319
C00034	test	1	1	RF02321
C00036	test	1	1	RF02324
C00038	test	1	1	RF02328
C00040	test	1	1	RF02332
C00042	test	1	1	RF02334
C00044	test	1	1	RF02368
C00046	test	1	1	RF02389
C00048	test	1	1	RF02392
C00050	test	1	1	RF02395
C00052	test	1	1	RF02404
C00054	test	1	1	RF02458
C00056	test	1	1	RF02474
C00058	test	1	1	RF02476
C00060	test	1	1	RF02478
C00062	test	1	1	RF02482
C00064	test	1	1	RF02484
C00066	test	1	1	RF02486
C00068	test	1	1	RF02489
C00070	test	1	1	RF02491
C00072	test	1	1	RF02493
C00074	test	1	1	RF02511
C00076	test	1	1	RF02525
C00078	test	1	1	RF02537
C00080	test	1	1	RF02557
C00082	test	1	1	RF02572
C00084	test	1	1	RF02597
C00086	test	1	1	RF02624
C00088	test	1	1	RF02693
C00090	test	1	1	RF02697
C00092	test	1	1	RF02716
C00094	test	1	1	RF02720
C00096	test	1	1	RF02758
C00098	test	1	1	RF02776
C00100	test	1	1	RF02856
C00102	test	1	1	RF02976
C00104	test	1	1	RF03114
C00106	test	1	1	RF04218
C00108	test	1	1	RF04221
C00110	test	1	1	RF04308
C00112	test	1	2	RF00044
C00114	test	1	2	RF01053
C00116	test	1	2	RF01094
C00118	test	1	2	RF01096
C00120	test	1	2	RF01103
C00122	test	1	2	RF01146
C00124	test	1	2	RF01364
C00126	test	1	2	RF01404
C00128	test	1	2	RF01448
C00130	test	1	2	RF01568
C00132	test	1	2	RF01573
C00134	test	1	2	RF01665
C00136	test	1	2	RF01680
C00138	test	1	2	RF01779
C00140	test	1	2	RF01817
C00142	test	1	2	RF02281
C00144	test	1	2	RF02302
C00146	test	1	2	RF02314
C00148	test	1	2	RF02388
C00150	test	1	2	RF02508
C00152	test	1	2	RF02560
C00154	test	1	2	RF02676
C00156	test	1	2	RF02699
C00158	test	1	2	RF02722
C00160	test	1	2	RF02821
C00162	test	1	2	RF02927
C00164	test	1	2	RF03772
C00166	test	1	2	RF04305
C00168	test	2	2	RF02339,RF02481
C00170	test	1	3	RF00323
C00172	test	1	3	RF01076
C00174	test	1	3	RF01088
C00176	test	1	3	RF01113
C00178	test	1	3	RF01440
C00180	test	1	3	RF01454
C00182	test	1	3	RF01843
C00184	test	1	3	RF02270
C00186	test	1	3	RF02457
C00188	test	1	3	RF02534
C00190	test	1	3	RF02575
C00192	test	1	3	RF02754
C00194	test	1	3	RF02857
C00196	test	1	3	RF03090
C00198	test	1	3	RF03145
C00200	test	1	3	RF03963
C00202	test	1	4	RF00196
C00204	test	1	4	RF00940
C00206	test	1	4	RF01098
C00208	test	1	4	RF01341
C00210	test	1	4	RF01360
C00212	test	1	4	RF01484
C00214	test	1	4	RF01865
C00216	test	1	4	RF02062
C00218	test	1	4	RF02072
C00220	test	1	4	RF02441
C00222	test	1	4	RF02730
C00224	test	1	4	RF02888
C00226	test	1	4	RF03152
C00228	test	1	4	RF03388
C00230	test	1	5	RF00338
C00232	test	1	5	RF00999
C00234	test	1	5	RF01205
C00236	test	1	5	RF01355
C00238	test	1	5	RF01452
C00240	test	1	5	RF01483
C00242	test	1	5	RF01792
C00244	test	1	5	RF01834
C00246	test	1	5	RF02049
C00248	test	1	5	RF02237
C00250	test	1	5	RF02439
C00252	test	1	5	RF02670
C00254	test	1	5	RF02954
C00256	test	1	6	RF01246
C00258	test	1	6	RF01366
C00260	test	1	6	RF01520
C00262	test	1	6	RF01560
C00264	test	1	6	RF02070
C00266	test	1	6	RF02080
C00268	test	1	6	RF02256
C00270	test	1	6	RF02547
C00272	test	1	6	RF02787
C00274	test	1	6	RF03024
C00276	test	1	7	RF00225
C00278	test	1	7	RF01462
C00280	test	1	7	RF01785
C00282	test	1	7	RF02499
C00284	test	1	7	RF02671
C00286	test	1	7	RF03007
C00288	test	1	8	RF00038
C00290	test	1	8	RF00448
C00292	test	1	8	RF01398
C00294	test	1	8	RF01508
C00296	test	1	8	RF01628
C00298	test	1	8	RF01889
C00300	test	1	8	RF02202
C00302	test	1	8	RF02546
C00304	test	1	8	RF02789
C00306	test	1	8	RF03010
C00308	test	1	8	RF03043
C00310	test	1	8	RF03740
C00312	test	1	9	RF01245
C00314	test	1	9	RF01332
C00316	test	1	9	RF01649
C00318	test	1	9	RF02087
C00320	test	1	9	RF02524
C00322	test	1	10	RF01614
C00324	test	1	10	RF01651
C00326	test	1	10	RF02016
C00328	test	1	10	RF02781
C00330	test	1	10	RF03002
C00332	test	2	10	RF02793,RF02803
C00334	test	1	11	RF00384
C00336	test	1	11	RF01032
C00338	test	1	11	RF01399
C00340	test	1	11	RF01624
C00342	test	1	11	RF02255
C00344	test	1	11	RF03228
C00346	test	1	12	RF00320
C00348	test	1	12	RF01371
C00350	test	1	12	RF02086
C00352	test	1	12	RF02714
C00354	test	1	12	RF02854
C00356	test	1	12	RF03047
C00358	test	1	12	RF03521
C00360	test	1	13	RF01353
C00362	test	1	13	RF01595
C00364	test	1	13	RF01807
C00366	test	1	13	RF02186
C00368	test	1	13	RF02718
C00370	test	1	13	RF02889
C00372	test	1	13	RF03004
C00374	test	1	14	RF01406
C00376	test	1	14	RF01542
C00378	test	1	14	RF01585
C00380	test	1	14	RF01737
C00382	test	1	14	RF01934
C00384	test	1	14	RF02085
C00386	test	1	14	RF02136
C00388	test	1	14	RF02700
C00390	test	1	14	RF03838
C00392	test	1	14	RF04310
C00394	test	1	15	RF01475
C00396	test	1	15	RF01558
C00398	test	1	15	RF01842
C00400	test	1	15	RF02155
C00402	test	1	15	RF02211
C00404	test	1	15	RF02713
C00406	test	1	15	RF02907
C00408	test	1	15	RF03576
C00410	test	1	16	RF00124
C00411	test	1	16	RF00313
C00413	test	1	16	RF00541
C00415	test	1	16	RF01840
C00417	test	1	16	RF01932
C00419	test	1	16	RF02640
C00421	test	1	17	RF00807
C00423	test	1	17	RF01532
C00425	test	1	17	RF01597
C00427	test	1	17	RF02217
C00429	test	1	17	RF02780
C00431	test	1	18	RF00463
C00433	test	1	18	RF01392
C00435	test	1	18	RF01620
C00437	test	1	18	RF02813
C00439	test	1	19	RF00171
C00441	test	1	19	RF02418
C00443	test	1	19	RF02875
C00445	test	1	19	RF02971
C00447	test	1	19	RF03111
C00449	test	1	20	RF00228
C00451	test	1	20	RF01381
C00453	test	1	20	RF01538
C00455	test	1	20	RF01610
C00457	test	1	20	RF02841
C00459	test	1	21	RF00294
C00461	test	1	21	RF02044
C00463	test	1	21	RF02779
C00465	test	1	22	RF00292
C00467	test	1	22	RF01549
C00469	test	1	22	RF02220
C00471	test	1	22	RF02664
C00473	test	1	22	RF02748
C00475	test	1	22	RF02774
C00477	test	1	23	RF00176
C00478	test	1	23	RF00336
C00480	test	1	23	RF01554
C00482	test	1	23	RF02213
C00484	test	1	24	RF02775
C00485	test	1	25	RF01671
C00486	test	1	25	RF02603
C00488	test	1	26	RF01540
C00490	test	1	26	RF02052
C00492	test	1	26	RF02896
C00494	test	1	27	RF01260
C00496	test	1	27	RF01627
C00498	test	1	28	RF01548
C00500	test	1	28	RF02372
C00502	test	1	28	RF03056
C00504	test	1	29	RF00470
C00506	test	1	29	RF02778
C00508	test	1	30	RF00215
C00510	test	1	30	RF02909
C00512	test	1	31	RF01237
C00514	test	2	31	RF01655,RF01659
C00516	test	1	33	RF01090
C00518	test	1	33	RF01795
C00520	test	1	33	RF02370
C00522	test	1	34	RF01240
C00524	test	1	34	RF03042
C00526	test	1	35	RF01630
C00528	test	1	35	RF02241
C00530	test	1	36	RF01180
C00532	test	1	36	RF01904
C00534	test	1	37	RF01716
C00536	test	1	37	RF02251
C00538	test	1	38	RF00533
C00540	test	1	38	RF02222
C00542	test	1	38	RF03006
C00544	test	3	38	RF00434,RF01453,RF02459
C00548	test	1	41	RF00389
C00550	test	1	42	RF01254
C00552	test	1	43	RF00536
C00554	test	1	43	RF02923
C00556	test	1	43	RF03009
C00558	test	1	44	RF00374
C00560	test	1	44	RF02184
C00562	test	1	45	RF02037
C00564	test	1	45	RF02685
C00566	test	1	45	RF03037
C00568	test	1	46	RF00550
C00570	test	1	46	RF02881
C00572	test	1	47	RF01471
C00574	test	1	49	RF02911
C00576	test	1	50	RF01819
C00578	test	1	51	RF00620
C00580	test	1	52	RF01686
C00582	test	1	52	RF03176
C00584	test	1	53	RF02584
C00586	test	1	54	RF00048
C00587	test	1	54	RF00957
C00590	test	1	55	RF02465
C00592	test	2	55	RF00537,RF01167
C00594	test	1	56	RF03028
C00596	test	1	57	RF01319
C00598	test	1	58	RF01637
C00600	test	1	58	RF02125
C00602	test	1	59	RF00180
C00604	test	1	60	RF00233
C00606	test	1	60	RF02385
C00608	test	1	60	RF04188
C00610	test	1	61	RF02922
C00612	test	1	62	RF01711
C00614	test	1	62	RF03115
C00616	test	1	63	RF02177
C00618	test	1	64	RF02746
C00620	test	1	65	RF00495
C00622	test	1	65	RF02126
C00624	test	1	66	RF00484
C00626	test	1	66	RF01977
C00628	test	1	66	RF02509
C00630	test	1	67	RF01521
C00632	test	2	67	RF01327,RF01352
C00634	test	1	68	RF02227
C00636	test	1	69	RF01876
C00638	test	1	69	RF02212
C00640	test	1	69	RF03148
C00642	test	1	70	RF00621
C00644	test	1	70	RF01952
C00646	test	1	70	RF02040
C00648	test	1	71	RF00175
C00650	test	1	71	RF02962
C00652	test	1	73	RF01973
C00654	test	1	74	RF00311
C00656	test	1	74	RF02196
C00658	test	1	74	RF02240
C00660	test	1	75	RF02120
C00662	test	1	76	RF01880
C00664	test	1	76	RF02912
C00666	test	1	77	RF02106
C00668	test	1	77	RF03134
C00670	test	1	79	RF01252
C00672	test	1	79	RF02504
C00674	test	1	81	RF01744
C00676	test	1	82	RF02089
C00678	test	1	82	RF03128
C00680	test	1	82	RF04222
C00682	test	1	83	RF02104
C00684	test	1	84	RF01962
C00686	test	1	84	RF02169
C00688	test	1	84	RF02224
C00690	test	1	85	RF00170
C00692	test	1	85	RF02133
C00694	test	1	85	RF02966
C00696	test	1	86	RF02146
C00698	test	1	86	RF02206
C00700	test	1	87	RF01248
C00702	test	1	87	RF01964
C00704	test	1	87	RF02180
C00706	test	1	87	RF03045
C00708	test	1	88	RF00179
C00710	test	1	88	RF02882
C00712	test	1	89	RF02596
C00714	test	1	90	RF02174
C00716	test	1	91	RF00348
C00718	test	1	91	RF01975
C00720	test	1	91	RF02156
C00722	test	1	92	RF01724
C00724	test	1	92	RF02139
C00726	test	1	93	RF00457
C00728	test	1	93	RF02145
C00730	test	1	93	RF02246
C00732	test	1	93	RF02425
C00734	test	1	93	RF03001
C00736	test	1	94	RF01978
C00738	test	1	95	RF01979
C00740	test	1	95	RF02680
C00742	test	1	96	RF02128
C00744	test	1	97	RF01883
C00746	test	1	97	RF03126
C00748	test	1	98	RF02038
C00750	test	1	99	RF01950
C00752	test	1	99	RF02158
C00754	test	1	100	RF01875
C00756	test	1	101	RF01337
C00758	test	1	101	RF02185
C00760	test	1	103	RF00214
C00762	test	1	103	RF02148
C00764	test	1	104	RF00329
C00766	test	1	104	RF01928
C00768	test	1	104	RF02681
C00770	test	1	106	RF01981
C00772	test	1	106	RF03040
C00774	test	1	108	RF00115
C00776	test	1	108	RF02127
C00778	test	1	108	RF02176
C00780	test	1	108	RF03005
C00782	test	1	109	RF01174
C00784	test	1	109	RF01733
C00786	test	1	109	RF02143
C00788	test	1	109	RF02193
C00790	test	1	110	RF02039
C00792	test	1	110	RF02116
C00794	test	1	110	RF02188
C00796	test	1	111	RF01992
C00798	test	1	111	RF02168
C00800	test	2	111	RF02248,RF02753
C00802	test	1	112	RF00449
C00804	test	1	112	RF02594
C00806	test	1	115	RF01339
C00808	test	1	115	RF01983
C00810	test	1	115	RF02755
C00812	test	1	116	RF02879
C00814	test	1	117	RF02189
C00816	test	1	118	RF01971
C00818	test	1	118	RF02113
C00820	test	1	118	RF02173
C00822	test	1	120	RF00549
C00824	test	1	123	RF01892
C00826	test	1	125	RF01877
C00828	test	1	126	RF00635
C00830	test	1	126	RF02112
C00832	test	1	128	RF02267
C00834	test	2	128	RF01316,RF01349
C00836	test	1	131	RF01414
C00838	test	1	132	RF02124
C00840	test	1	135	RF02982
C00842	test	1	139	RF01891
C00844	test	1	142	RF01697
C00846	test	1	145	RF01986
C00848	test	1	146	RF02977
C00850	test	1	148	RF00616
C00852	test	1	151	RF01247
C00854	test	1	153	RF02648
C00856	test	1	154	RF01517
C00858	test	1	156	RF01761
C00860	test	1	156	RF04200
C00862	test	1	157	RF02930
C00864	test	1	159	RF01385
C00866	test	3	162	RF01320,RF01377,RF01378
C00868	test	1	166	RF02234
C00870	test	1	168	RF01784
C00872	test	1	168	RF03138
C00874	test	1	172	RF02992
C00876	test	1	173	RF01955
C00878	test	1	175	RF01771
C00880	test	1	178	RF02464
C00882	test	1	179	RF01957
C00884	test	1	180	RF02111
C00886	test	1	180	RF02925
C00888	test	1	182	RF02216
C00890	test	1	185	RF00198
C00892	test	1	185	RF02091
C00894	test	1	186	RF02915
C00896	test	1	191	RF02110
C00898	test	2	193	RF00232,RF01151
C00900	test	1	196	RF00383
C00902	test	1	197	RF00520
C00904	test	1	202	RF03144
C00906	test	1	205	RF02242
C00908	test	1	213	RF02951
C00910	test	1	217	RF03018
C00912	test	1	219	RF02827
C00914	test	1	222	RF00355
C00916	test	1	224	RF03003
C00918	test	1	226	RF03087
C00920	test	1	227	RF01163
C00922	test	1	228	RF02506
C00924	test	1	231	RF00368
C00926	test	1	233	RF03141
C00928	test	1	237	RF01691
C00930	test	1	239	RF02823
C00932	test	1	242	RF00088
C00934	test	1	242	RF02695
C00936	test	1	245	RF03077
C00938	test	1	246	RF02916
C00940	test	1	248	RF03079
C00942	test	1	253	RF00187
C00944	test	1	258	RF02047
C00946	test	1	259	RF03044
C00948	test	1	261	RF02967
C00950	test	1	267	RF00172
C00952	test	1	269	RF02349
C00954	test	1	273	RF02701
C00956	test	1	285	RF00078
C00958	test	1	289	RF01778
C00960	test	1	295	RF03156
C00962	test	1	300	RF01161
C00964	test	1	305	RF02235
C00966	test	1	309	RF02109
C00968	test	1	317	RF01507
C00970	test	1	322	RF01984
C00972	test	1	323	RF02831
C00974	test	1	327	RF02463
C00976	test	1	334	RF02965
C00978	test	1	344	RF00460
C00980	test	1	349	RF00072
C00982	test	1	357	RF01155
C00984	test	1	359	RF01193
C00986	test	1	360	RF02250
C00988	test	1	367	RF01969
C00990	test	1	369	RF02957
C00992	test	2	371	RF00427,RF01524
C00994	test	1	376	RF02535
C00996	test	1	381	RF02140
C00998	test	1	387	RF03085
C01000	test	1	389	RF01269
C01002	test	1	398	RF01827
C01004	test	1	403	RF02209
C01006	test	1	421	RF01228
C01008	test	1	425	RF02902
C01010	test	1	432	RF02462
C01012	test	1	446	RF01976
C01014	test	1	449	RF02041
C01016	test	1	454	RF00145
C01018	test	1	456	RF01967
C01020	test	1	459	RF01220
C01022	test	1	467	RF02757
C01024	test	2	469	RF01315,RF01348
C01026	test	1	479	RF01767
C01028	test	1	483	RF01826
C01030	test	1	487	RF00272
C01032	test	1	492	RF00636
C01034	test	1	497	RF01814
C01036	test	1	505	RF02999
C01038	test	1	512	RF00341
C01040	test	1	516	RF01515
C01042	test	1	522	RF00153
C01044	test	1	528	RF00421
C01046	test	1	538	RF01206
C01048	test	1	547	RF01396
C01050	test	1	550	RF01116
C01052	test	1	557	RF00403
C01054	test	1	559	RF02736
C01056	test	1	564	RF01669
C01058	test	2	572	RF00218,RF01232
C01060	test	2	586	RF01519,RF03015
C01062	test	1	591	RF01411
C01064	test	1	602	RF00349
C01066	test	1	621	RF03127
C01068	test	1	636	RF02421
C01070	test	1	650	RF01830
C01072	test	1	662	RF01692
C01074	test	1	672	RF01302
C01076	test	1	677	RF01721
C01078	test	1	679	RF00424
C01080	test	1	687	RF02836
C01082	test	1	702	RF00582
C01084	test	1	705	RF01668
C01086	test	2	717	RF01832,RF02523
C01088	test	1	726	RF00420
C01090	test	1	738	RF00304
C01092	test	1	752	RF02975
C01094	test	1	762	RF02605
C01096	test	1	764	RF02935
C01098	test	1	772	RF00303
C01100	test	1	832	RF01227
C01102	test	1	854	RF00630
C01104	test	1	895	RF00302
C01106	test	1	901	RF00099
C01108	test	1	911	RF00201
C01110	test	2	912	RF00137,RF00538
C01112	test	1	937	RF03074
C01114	test	1	970	RF02496
C01116	test	1	977	RF00652
C01118	test	1	990	RF00132
C01120	test	1	1009	RF02800
C01122	test	2	1044	RF00138,RF01216
C01124	test	2	1065	RF02770,RF03023
C01126	test	1	1072	RF02500
C01128	test	1	1111	RF03058
C01130	test	1	1148	RF02835
C01132	test	2	1183	RF02683,RF03164
C01134	test	1	1221	RF00393
C01136	test	1	1303	RF02276
C01138	test	1	1334	RF01410
C01140	test	2	1357	RF01073,RF01092
C01142	test	1	1394	RF01754
C01144	test	1	1406	RF01701
C01146	test	1	1444	RF00522
C01148	test	1	1555	RF00614
C01150	test	1	1601	RF02564
C01152	test	1	1696	RF01219
C01154	test	1	1708	RF01749
C01156	test	1	1799	RF01097
C01158	test	1	1957	RF02228
C01160	test	1	2083	RF01793
C01162	test	1	2114	RF02674
C01164	test	1	2245	RF03072
C01166	test	1	2354	RF00559
C01168	test	1	2481	RF00006
C01170	test	1	2680	RF01747
C01172	test	1	2777	RF00459
C01174	test	1	2914	RF03531
C01176	test	1	2984	RF00782
C01178	test	1	4087	RF00127
C01180	test	1	4241	RF00156
C01182	test	1	4355	RF01055
C01184	test	1	4544	RF02033
C01186	test	1	4964	RF01057
C01188	test	3	5499	RF02684,RF03154,RF03160
C01190	test	1	5903	RF00321
C01192	test	3	6379	RF01786,RF03169,RF03170
C01194	test	1	6767	RF02675
C01196	test	1	7139	RF01706
C01198	test	1	10393	RF01750
C01200	test	1	12943	RF01690
C01202	test	1	13452	RF01210
C01204	test	1	15562	RF00168
C01206	test	1	19279	RF00020
C01208	test	1	24531	RF01782
C01210	test	2	27162	RF00504,RF03166
C01212	test	3	37944	RF01051,RF03167,RF03168
