family	n_sequences_total	n_sequences_sampled
RF00001	402207	10
RF00002	14790	10
RF00003	29072	10
RF00004	57873	10
RF00005	3641320	10
RF00006	2481	10
RF00007	1740	10
RF00008	609	10
RF00009	3600	10
RF00010	53192	10
RF00011	4108	10
RF00012	15207	10
RF00013	26020	10
RF00014	157	10
RF00015	24635	10
RF00016	2964	10
RF00017	327200	10
RF00018	598	10
RF00019	19972	10
RF00020	19279	10
RF00021	578	10
RF00022	628	10
RF00023	47443	10
RF00024	517	10
RF00025	22	10
RF00026	159002	10
RF00027	1985	10
RF00028	3991	10
RF00029	21839	10
RF00030	3165	10
RF00031	2319	10
RF00032	21010	10
RF00033	181	10
RF00034	319	10
RF00035	108	10
RF00036	97	10
RF00037	2283	10
RF00038	8	8
RF00039	11	10
RF00040	529	10
RF00041	59	10
RF00042	132	10
RF00043	55	10
RF00044	2	2
RF00045	2090	10
RF00046	453	10
RF00047	709	10
RF00048	54	10
RF00049	2815	10
RF00050	19839	10
RF00051	1476	10
RF00052	29	10
RF00053	1227	10
RF00054	691	10
RF00056	1518	10
RF00057	796	10
RF00058	66	10
RF00059	63358	10
RF00060	52	10
RF00061	44	10
RF00062	46	10
RF00063	41	10
RF00064	111	10
RF00065	44	10
RF00066	7033	10
RF00067	1569	10
RF00068	414	10
RF00069	2034	10
RF00070	317	10
RF00071	509	10
RF00072	349	10
RF00073	1033	10
RF00074	935	10
RF00075	2062	10
RF00076	1129	10
RF00077	43	10
RF00078	285	10
RF00079	436	10
RF00080	3133	10
RF00081	472	10
RF00082	449	10
RF00083	548	10
RF00084	229	10
RF00085	154	10
RF00086	159	10
RF00087	361	10
RF00088	242	10
RF00089	957	10
RF00090	1240	10
RF00091	1768	10
RF00092	929	10
RF00093	1661	10
RF00094	41	10
RF00095	201	10
RF00096	1386	10
RF00097	208245	10
RF00099	901	10
RF00100	46518	10
RF00101	552	10
RF00102	63	10
RF00103	1487	10
RF00104	1220	10
RF00105	2066	10
RF00106	212	10
RF00107	22	10
RF00108	1819	10
RF00109	370	10
RF00110	245	10
RF00111	584	10
RF00112	245	10
RF00113	227	10
RF00114	2587	10
RF00115	108	10
RF00116	6	6
RF00117	10	10
RF00119	9	9
RF00121	78	10
RF00122	4	4
RF00124	16	10
RF00125	6	6
RF00126	133	10
RF00127	4087	10
RF00128	557	10
RF00129	472	10
RF00130	415	10
RF00131	1401	10
RF00132	990	10
RF00133	1357	10
RF00134	643	10
RF00135	735	10
RF00136	224	10
RF00137	858	10
RF00138	999	10
RF00139	1228	10
RF00140	1349	10
RF00142	316	10
RF00143	56	10
RF00144	387	10
RF00145	454	10
RF00147	1030	10
RF00149	1688	10
RF00150	581	10
RF00151	1910	10
RF00153	522	10
RF00154	551	10
RF00155	919	10
RF00156	4241	10
RF00157	497	10
RF00158	463	10
RF00159	43	10
RF00160	1074	10
RF00161	13	10
RF00162	34685	10
RF00163	188188	10
RF00164	43	10
RF00165	68	10
RF00166	826	10
RF00167	13151	10
RF00168	15562	10
RF00169	29282	10
RF00170	85	10
RF00171	19	10
RF00172	267	10
RF00173	3	3
RF00174	83669	10
RF00175	71	10
RF00176	23	10
RF00177	39338	10
RF00178	508	10
RF00179	88	10
RF00180	59	10
RF00181	3668	10
RF00182	7	7
RF00183	94	10
RF00184	4	4
RF00185	75	10
RF00186	473	10
RF00187	253	10
RF00188	953	10
RF00189	114	10
RF00190	1126	10
RF00191	1527	10
RF00192	3	3
RF00193	9	9
RF00194	35	10
RF00195	619	10
RF00196	4	4
RF00198	185	10
RF00199	515	10
RF00200	644	10
RF00201	911	10
RF00202	398	10
RF00203	606	10
RF00204	713	10
RF00205	375	10
RF00206	486	10
RF00207	16	10
RF00208	36	10
RF00209	25	10
RF00210	104	10
RF00211	1461	10
RF00212	839	10
RF00213	1777	10
RF00214	103	10
RF00215	30	10
RF00216	139	10
RF00217	284	10
RF00218	553	10
RF00220	9	9
RF00221	175	10
RF00222	241	10
RF00223	223	10
RF00224	90	10
RF00225	7	7
RF00226	226	10
RF00227	20	10
RF00228	20	10
RF00229	100	10
RF00230	134648	10
RF00231	674	10
RF00232	98	10
RF00233	60	10
RF00234	4204	10
RF00235	5	5
RF00236	52	10
RF00237	1266	10
RF00238	108	10
RF00239	519	10
RF00240	68	10
RF00241	1145	10
RF00242	46	10
RF00243	9	9
RF00244	1089	10
RF00245	751	10
RF00246	640	10
RF00247	954	10
RF00248	391	10
RF00249	241	10
RF00250	64	10
RF00251	602	10
RF00252	19	10
RF00253	194	10
RF00254	2576	10
RF00255	246	10
RF00256	533	10
RF00257	487	10
RF00258	1117	10
RF00259	114	10
RF00260	56	10
RF00261	109	10
RF00262	32	10
RF00263	793	10
RF00264	598	10
RF00265	702	10
RF00266	502	10
RF00267	579	10
RF00268	43	10
RF00270	712	10
RF00271	652	10
RF00272	487	10
RF00273	875	10
RF00274	504	10
RF00275	551	10
RF00276	229	10
RF00277	700	10
RF00278	986	10
RF00279	1068	10
RF00280	346	10
RF00281	554	10
RF00282	108	10
RF00283	281	10
RF00284	630	10
RF00285	162	10
RF00286	755	10
RF00287	143	10
RF00288	551	10
RF00289	314	10
RF00290	2	2
RF00291	67	10
RF00292	22	10
RF00293	8	8
RF00294	21	10
RF00295	25	10
RF00296	634	10
RF00300	435	10
RF00301	52	10
RF00302	895	10
RF00303	772	10
RF00304	738	10
RF00305	18	10
RF00306	4	4
RF00307	179	10
RF00309	2850	10
RF00310	10	10
RF00311	74	10
RF00312	43	10
RF00313	16	10
RF00314	13	10
RF00315	561	10
RF00316	11	10
RF00317	35	10
RF00318	7	7
RF00319	970	10
RF00320	12	10
RF00321	5903	10
RF00322	1732	10
RF00323	3	3
RF00324	618	10
RF00325	1434	10
RF00326	328	10
RF00327	44	10
RF00328	460	10
RF00329	104	10
RF00330	624	10
RF00331	9	9
RF00332	600	10
RF00333	617	10
RF00334	1728	10
RF00335	976	10
RF00336	23	10
RF00337	357	10
RF00338	5	5
RF00339	800	10
RF00340	977	10
RF00341	512	10
RF00342	312	10
RF00343	666	10
RF00344	402	10
RF00345	562	10
RF00348	91	10
RF00349	602	10
RF00350	494	10
RF00351	66	10
RF00352	340	10
RF00353	412	10
RF00355	222	10
RF00356	181	10
RF00357	894	10
RF00358	823	10
RF00359	1014	10
RF00360	573	10
RF00361	63	10
RF00362	16	10
RF00363	2	2
RF00364	8	8
RF00365	3	3
RF00366	6	6
RF00367	1	1
RF00368	231	10
RF00369	245	10
RF00370	157	10
RF00371	71	10
RF00372	79	10
RF00373	2339	10
RF00374	44	10
RF00375	144	10
RF00376	112	10
RF00377	635	10
RF00378	558	10
RF00379	21687	10
RF00380	4944	10
RF00381	295	10
RF00382	295	10
RF00383	196	10
RF00384	11	10
RF00385	19	10
RF00386	155	10
RF00387	103	10
RF00388	7	7
RF00389	41	10
RF00390	4	4
RF00391	2432	10
RF00392	2015	10
RF00393	1221	10
RF00394	242	10
RF00396	915	10
RF00397	720	10
RF00398	860	10
RF00399	638	10
RF00400	715	10
RF00401	348	10
RF00402	845	10
RF00403	557	10
RF00404	499	10
RF00405	903	10
RF00406	1334	10
RF00407	449	10
RF00408	1079	10
RF00409	6169	10
RF00410	2331	10
RF00411	998	10
RF00412	597	10
RF00413	924	10
RF00414	648	10
RF00415	327	10
RF00416	417	10
RF00417	121	10
RF00418	391	10
RF00419	535	10
RF00420	726	10
RF00421	528	10
RF00422	437	10
RF00423	551	10
RF00424	679	10
RF00425	1356	10
RF00426	483	10
RF00427	354	10
RF00428	532	10
RF00429	793	10
RF00430	1010	10
RF00431	1241	10
RF00432	1897	10
RF00433	12	10
RF00434	28	10
RF00435	1105	10
RF00436	147100	10
RF00437	12	10
RF00438	1061	10
RF00439	352	10
RF00440	391	10
RF00441	16	10
RF00442	5623	10
RF00443	619	10
RF00444	1135	10
RF00445	1678	10
RF00446	532	10
RF00447	93	10
RF00448	8	8
RF00449	112	10
RF00451	2112	10
RF00452	1237	10
RF00453	5	5
RF00454	55	10
RF00455	757	10
RF00456	1078	10
RF00457	93	10
RF00458	17	10
RF00459	2777	10
RF00460	344	10
RF00461	88	10
RF00462	11	10
RF00463	18	10
RF00464	450	10
RF00467	68	10
RF00468	55	10
RF00470	29	10
RF00471	69	10
RF00472	76	10
RF00473	83	10
RF00474	65	10
RF00475	119	10
RF00476	1083	10
RF00477	25	10
RF00478	1250	10
RF00479	69	10
RF00480	169	10
RF00481	11	10
RF00482	268	10
RF00483	70	10
RF00484	66	10
RF00485	10047	10
RF00486	490	10
RF00487	509	10
RF00488	30	10
RF00489	571	10
RF00490	986	10
RF00492	223	10
RF00493	386	10
RF00494	769	10
RF00495	65	10
RF00498	3	3
RF00499	5	5
RF00500	3	3
RF00501	12	10
RF00502	3	3
RF00503	27	10
RF00504	25727	10
RF00505	26	10
RF00506	800	10
RF00507	78	10
RF00509	40	10
RF00510	27	10
RF00511	4	4
RF00512	535	10
RF00513	684	10
RF00514	1064	10
RF00515	2296	10
RF00516	966	10
RF00517	2157	10
RF00518	1070	10
RF00519	6325	10
RF00520	197	10
RF00521	4732	10
RF00522	1444	10
RF00523	357	10
RF00524	2389	10
RF00525	104	10
RF00526	41	10
RF00527	40	10
RF00528	84	10
RF00529	77	10
RF00530	64	10
RF00531	35	10
RF00532	92	10
RF00533	38	10
RF00534	238	10
RF00535	87	10
RF00536	43	10
RF00537	46	10
RF00538	54	10
RF00539	21	10
RF00540	63	10
RF00541	16	10
RF00542	78	10
RF00543	108	10
RF00544	49	10
RF00545	109	10
RF00546	82	10
RF00547	128	10
RF00548	2326	10
RF00549	120	10
RF00550	46	10
RF00551	29	10
RF00552	165	10
RF00553	604	10
RF00554	1845	10
RF00555	425	10
RF00556	390	10
RF00557	7790	10
RF00558	4853	10
RF00559	2354	10
RF00560	5140	10
RF00561	2181	10
RF00562	586	10
RF00563	986	10
RF00564	710	10
RF00565	564	10
RF00566	736	10
RF00567	873	10
RF00568	1581	10
RF00569	981	10
RF00570	88	10
RF00571	717	10
RF00572	855	10
RF00573	549	10
RF00574	372	10
RF00575	697	10
RF00576	320	10
RF00577	574	10
RF00578	457	10
RF00579	389	10
RF00580	582	10
RF00581	1623	10
RF00582	702	10
RF00584	98	10
RF00586	486	10
RF00588	469	10
RF00591	284	10
RF00592	276	10
RF00593	630	10
RF00594	167	10
RF00598	721	10
RF00599	687	10
RF00600	768	10
RF00601	638	10
RF00602	234	10
RF00603	121	10
RF00604	853	10
RF00606	314	10
RF00607	242	10
RF00608	429	10
RF00609	553	10
RF00610	84	10
RF00611	642	10
RF00612	478	10
RF00613	644	10
RF00614	1555	10
RF00615	31	10
RF00616	148	10
RF00617	57	10
RF00618	1454	10
RF00619	7529	10
RF00620	51	10
RF00621	70	10
RF00622	5240	10
RF00623	644	10
RF00624	667	10
RF00625	510	10
RF00626	2	2
RF00627	550	10
RF00628	804	10
RF00629	761	10
RF00630	854	10
RF00632	3	3
RF00634	5963	10
RF00635	126	10
RF00636	492	10
RF00637	160	10
RF00638	2127	10
RF00639	704	10
RF00640	100	10
RF00641	850	10
RF00642	505	10
RF00643	1853	10
RF00644	671	10
RF00645	3454	10
RF00646	545	10
RF00647	152	10
RF00648	613	10
RF00649	352	10
RF00650	252	10
RF00651	704	10
RF00652	977	10
RF00653	296	10
RF00654	622	10
RF00655	93	10
RF00656	544	10
RF00657	555	10
RF00658	160	10
RF00659	159	10
RF00660	150	10
RF00661	363	10
RF00662	375	10
RF00663	115	10
RF00664	315	10
RF00665	393	10
RF00666	66	10
RF00667	633	10
RF00668	798	10
RF00669	269	10
RF00670	89	10
RF00671	345	10
RF00672	557	10
RF00673	263	10
RF00674	174	10
RF00675	233	10
RF00676	10	10
RF00677	449	10
RF00678	89	10
RF00679	354	10
RF00680	54	10
RF00681	12	10
RF00682	264	10
RF00683	130	10
RF00684	194	10
RF00685	169	10
RF00686	399	10
RF00687	13	10
RF00688	480	10
RF00689	491	10
RF00690	446	10
RF00691	684	10
RF00692	339	10
RF00693	348	10
RF00694	218	10
RF00695	494	10
RF00696	340	10
RF00697	43	10
RF00698	152	10
RF00699	39	10
RF00700	220	10
RF00701	301	10
RF00702	195	10
RF00703	193	10
RF00704	316	10
RF00705	281	10
RF00706	334	10
RF00707	34	10
RF00708	171	10
RF00709	77	10
RF00710	58	10
RF00712	439	10
RF00713	49	10
RF00714	254	10
RF00715	99	10
RF00716	45	10
RF00717	101	10
RF00718	27	10
RF00719	61	10
RF00720	108	10
RF00721	35	10
RF00722	338	10
RF00723	76	10
RF00724	102	10
RF00725	61	10
RF00726	331	10
RF00727	142	10
RF00728	54	10
RF00729	103	10
RF00730	116	10
RF00731	226	10
RF00732	95	10
RF00733	61	10
RF00734	7	7
RF00735	233	10
RF00736	447	10
RF00737	69	10
RF00739	20	10
RF00740	38	10
RF00741	11	10
RF00742	215	10
RF00743	48	10
RF00744	42	10
RF00745	210	10
RF00746	248	10
RF00747	78	10
RF00748	34	10
RF00749	214	10
RF00750	375	10
RF00751	80	10
RF00752	115	10
RF00753	68	10
RF00754	350	10
RF00755	38	10
RF00756	106	10
RF00757	104	10
RF00758	46	10
RF00760	62	10
RF00761	47	10
RF00762	54	10
RF00763	73	10
RF00764	202	10
RF00765	41	10
RF00766	91	10
RF00767	104	10
RF00768	135	10
RF00769	18	10
RF00770	33	10
RF00771	44	10
RF00772	57	10
RF00773	22	10
RF00774	8	8
RF00775	37	10
RF00776	4	4
RF00777	80	10
RF00778	148	10
RF00779	72	10
RF00780	54	10
RF00781	33	10
RF00782	2984	10
RF00783	72	10
RF00784	97	10
RF00785	11	10
RF00786	9	9
RF00787	17	10
RF00788	17	10
RF00789	35	10
RF00790	7	7
RF00791	7	7
RF00792	130	10
RF00793	24	10
RF00794	12	10
RF00795	8	8
RF00796	8	8
RF00797	6	6
RF00798	10	10
RF00799	7	7
RF00801	11	10
RF00802	8	8
RF00803	183	10
RF00804	12	10
RF00805	3	3
RF00806	71	10
RF00807	17	10
RF00808	43	10
RF00809	8	8
RF00810	15	10
RF00811	26	10
RF00812	42	10
RF00813	116	10
RF00814	30	10
RF00815	11	10
RF00816	6	6
RF00817	7	7
RF00818	16	10
RF00819	7	7
RF00820	5	5
RF00821	11	10
RF00822	46	10
RF00823	4	4
RF00824	48	10
RF00825	294	10
RF00826	9	9
RF00827	14	10
RF00828	11	10
RF00829	70	10
RF00830	23	10
RF00831	8	8
RF00832	291	10
RF00833	8	8
RF00834	12	10
RF00835	8	8
RF00836	22	10
RF00837	13	10
RF00838	330	10
RF00839	60	10
RF00840	82	10
RF00841	45	10
RF00842	169	10
RF00843	28	10
RF00844	154	10
RF00845	38	10
RF00846	53	10
RF00847	8	8
RF00848	32	10
RF00849	11	10
RF00850	7	7
RF00851	5	5
RF00852	11	10
RF00853	12	10
RF00854	20	10
RF00855	11	10
RF00856	11	10
RF00857	6	6
RF00858	77	10
RF00859	39	10
RF00861	41	10
RF00862	40	10
RF00863	3	3
RF00864	2	2
RF00865	2327	10
RF00866	5	5
RF00867	6	6
RF00868	7	7
RF00869	3	3
RF00870	9	9
RF00872	38	10
RF00873	157	10
RF00874	4	4
RF00875	23	10
RF00876	31	10
RF00877	48	10
RF00878	85	10
RF00879	34	10
RF00883	28	10
RF00884	9	9
RF00885	824	10
RF00886	667	10
RF00887	84	10
RF00888	13	10
RF00890	17	10
RF00891	24	10
RF00892	597	10
RF00893	156	10
RF00894	9	9
RF00895	12	10
RF00896	4	4
RF00897	35	10
RF00898	15	10
RF00899	7	7
RF00900	26	10
RF00901	29	10
RF00902	6	6
RF00903	5	5
RF00904	10	10
RF00905	13	10
RF00906	5548	10
RF00907	5	5
RF00908	84	10
RF00909	17	10
RF00910	46	10
RF00911	23	10
RF00912	129	10
RF00914	14	10
RF00915	23	10
RF00917	37	10
RF00918	26	10
RF00919	17	10
RF00920	19	10
RF00921	65	10
RF00922	8	8
RF00925	8	8
RF00926	19	10
RF00927	54	10
RF00928	112	10
RF00929	4523	10
RF00931	18	10
RF00932	6	6
RF00933	106	10
RF00934	3	3
RF00935	51	10
RF00936	32	10
RF00937	61	10
RF00939	46	10
RF00940	4	4
RF00941	5	5
RF00942	24	10
RF00943	36	10
RF00945	3	3
RF00946	51	10
RF00947	87	10
RF00948	53	10
RF00949	3	3
RF00950	131	10
RF00951	9520	10
RF00952	89	10
RF00953	2	2
RF00954	36	10
RF00956	47	10
RF00957	54	10
RF00958	11	10
RF00959	7	7
RF00960	12	10
RF00961	64	10
RF00962	26	10
RF00963	51	10
RF00964	20	10
RF00965	40	10
RF00966	68	10
RF00967	3	3
RF00968	15	10
RF00969	22	10
RF00970	17	10
RF00971	10	10
RF00972	18	10
RF00973	12	10
RF00974	38	10
RF00975	179	10
RF00976	27	10
RF00977	9	9
RF00978	15	10
RF00979	13	10
RF00980	25	10
RF00981	17	10
RF00983	13	10
RF00984	34	10
RF00985	9	9
RF00986	18	10
RF00987	36	10
RF00988	15	10
RF00989	101	10
RF00990	13	10
RF00991	68	10
RF00992	12	10
RF00993	2	2
RF00994	99	10
RF00995	55	10
RF00996	59	10
RF00997	21	10
RF00998	11	10
RF00999	5	5
RF01000	12	10
RF01001	27	10
RF01002	8	8
RF01003	10	10
RF01004	7	7
RF01005	115	10
RF01006	5	5
RF01007	18	10
RF01008	8	8
RF01009	3	3
RF01010	84	10
RF01011	26	10
RF01012	25	10
RF01013	39	10
RF01014	50	10
RF01015	86	10
RF01016	70	10
RF01018	10	10
RF01019	11	10
RF01020	20	10
RF01021	14	10
RF01022	7	7
RF01023	8	8
RF01024	31	10
RF01025	15	10
RF01026	171	10
RF01027	14	10
RF01028	35	10
RF01029	9	9
RF01030	10	10
RF01031	13	10
RF01032	11	10
RF01033	40	10
RF01034	11	10
RF01035	4	4
RF01036	7	7
RF01037	3	3
RF01038	20	10
RF01039	13	10
RF01040	11	10
RF01041	19	10
RF01042	16	10
RF01043	21	10
RF01044	92	10
RF01045	7352	10
RF01046	11	10
RF01047	19	10
RF01050	13	10
RF01051	22210	10
RF01052	214	10
RF01053	2	2
RF01054	290	10
RF01055	4355	10
RF01056	173	10
RF01057	4964	10
RF01059	55	10
RF01061	1552	10
RF01064	12	10
RF01065	443	10
RF01066	844	10
RF01067	300	10
RF01068	1759	10
RF01069	472	10
RF01070	1132	10
RF01071	3050	10
RF01072	37	10
RF01073	1356	10
RF01074	20	10
RF01075	2	2
RF01076	3	3
RF01077	4	4
RF01078	4	4
RF01079	2	2
RF01080	4	4
RF01081	3	3
RF01082	4	4
RF01084	18	10
RF01085	2	2
RF01087	7	7
RF01088	3	3
RF01089	135	10
RF01090	33	10
RF01091	8	8
RF01092	1	1
RF01093	286	10
RF01094	2	2
RF01095	2	2
RF01096	2	2
RF01097	1799	10
RF01098	4	4
RF01099	47	10
RF01100	1	1
RF01101	3	3
RF01102	2	2
RF01103	2	2
RF01104	4	4
RF01105	1	1
RF01106	2	2
RF01107	1	1
RF01108	1	1
RF01113	3	3
RF01116	550	10
RF01117	4	4
RF01119	4	4
RF01120	14	10
RF01121	4	4
RF01122	7	7
RF01123	3	3
RF01124	6	6
RF01125	4	4
RF01126	19	10
RF01127	4	4
RF01128	7	7
RF01129	3	3
RF01130	41	10
RF01131	11	10
RF01132	3	3
RF01133	58	10
RF01134	11	10
RF01135	13	10
RF01136	9	9
RF01137	2	2
RF01138	8	8
RF01139	19	10
RF01140	34	10
RF01141	5	5
RF01142	4	4
RF01143	1	1
RF01144	16	10
RF01145	18	10
RF01146	2	2
RF01147	6	6
RF01149	4	4
RF01150	11	10
RF01151	95	10
RF01152	20	10
RF01153	13	10
RF01155	357	10
RF01156	210	10
RF01157	9	9
RF01158	41	10
RF01159	89	10
RF01160	20	10
RF01161	300	10
RF01162	22	10
RF01163	227	10
RF01164	83	10
RF01165	9	9
RF01166	26	10
RF01167	9	9
RF01168	120	10
RF01169	113	10
RF01170	310	10
RF01171	3	3
RF01172	9	9
RF01173	110	10
RF01174	109	10
RF01175	16	10
RF01176	38	10
RF01177	84	10
RF01178	449	10
RF01179	227	10
RF01180	36	10
RF01181	89	10
RF01182	350	10
RF01183	100	10
RF01184	70	10
RF01185	870	10
RF01186	334	10
RF01188	165	10
RF01189	8	8
RF01190	7	7
RF01191	673	10
RF01192	539	10
RF01193	359	10
RF01194	28	10
RF01195	31	10
RF01196	17	10
RF01197	63	10
RF01198	706	10
RF01199	5	5
RF01200	374	10
RF01201	72	10
RF01202	13	10
RF01203	106	10
RF01204	29	10
RF01205	5	5
RF01206	538	10
RF01207	375	10
RF01208	567	10
RF01209	91	10
RF01210	13452	10
RF01211	142	10
RF01212	61	10
RF01213	646	10
RF01214	200	10
RF01215	704	10
RF01216	45	10
RF01218	83	10
RF01219	1696	10
RF01220	459	10
RF01221	18	10
RF01222	8	8
RF01223	54	10
RF01224	591	10
RF01225	7198	10
RF01226	16	10
RF01227	832	10
RF01228	421	10
RF01229	653	10
RF01230	548	10
RF01231	1206	10
RF01232	19	10
RF01233	1164	10
RF01234	621	10
RF01235	5	5
RF01236	355	10
RF01237	31	10
RF01238	26	10
RF01239	62	10
RF01240	34	10
RF01241	1015	10
RF01242	600	10
RF01243	13	10
RF01244	33	10
RF01245	9	9
RF01246	6	6
RF01247	151	10
RF01248	87	10
RF01249	41	10
RF01250	23	10
RF01251	70	10
RF01252	79	10
RF01253	69	10
RF01254	42	10
RF01255	75	10
RF01256	88	10
RF01257	37	10
RF01258	91	10
RF01259	26	10
RF01260	27	10
RF01261	26	10
RF01262	513	10
RF01263	453	10
RF01264	16	10
RF01265	43	10
RF01266	27	10
RF01267	58	10
RF01268	594	10
RF01269	389	10
RF01270	7	7
RF01271	27	10
RF01272	9	9
RF01273	14	10
RF01274	51	10
RF01275	28	10
RF01276	4	4
RF01277	482	10
RF01278	223	10
RF01279	403	10
RF01280	486	10
RF01281	449	10
RF01283	260	10
RF01284	777	10
RF01285	991	10
RF01286	453	10
RF01287	523	10
RF01288	387	10
RF01289	22	10
RF01290	375	10
RF01291	559	10
RF01292	765	10
RF01293	45	10
RF01294	225	10
RF01295	549	10
RF01296	983	10
RF01297	2	2
RF01298	8	8
RF01299	658	10
RF01300	248	10
RF01301	40	10
RF01302	672	10
RF01303	9	9
RF01304	67	10
RF01305	25	10
RF01306	5	5
RF01307	31	10
RF01308	37	10
RF01309	50	10
RF01310	6	6
RF01312	7	7
RF01313	25	10
RF01314	14	10
RF01315	464	10
RF01316	125	10
RF01317	899	10
RF01318	351	10
RF01319	57	10
RF01320	159	10
RF01321	9	9
RF01322	107	10
RF01323	22	10
RF01324	9	9
RF01325	83	10
RF01326	19	10
RF01327	13	10
RF01328	3	3
RF01329	129	10
RF01330	313	10
RF01331	3	3
RF01332	9	9
RF01333	14	10
RF01334	12	10
RF01335	107	10
RF01336	61	10
RF01337	101	10
RF01338	17	10
RF01339	115	10
RF01340	137	10
RF01341	4	4
RF01342	2	2
RF01343	207	10
RF01344	38	10
RF01345	12	10
RF01346	5	5
RF01347	36	10
RF01348	5	5
RF01349	3	3
RF01350	2	2
RF01351	4	4
RF01352	54	10
RF01353	13	10
RF01354	6	6
RF01355	5	5
RF01356	38	10
RF01357	14	10
RF01358	13	10
RF01359	2	2
RF01360	4	4
RF01361	3	3
RF01362	54	10
RF01363	39	10
RF01364	2	2
RF01365	1	1
RF01366	6	6
RF01367	11	10
RF01368	2	2
RF01369	12	10
RF01370	36	10
RF01371	12	10
RF01373	8	8
RF01374	5	5
RF01375	1	1
RF01376	24	10
RF01377	1	1
RF01378	2	2
RF01379	6	6
RF01381	20	10
RF01383	66	10
RF01384	4	4
RF01385	159	10
RF01386	12	10
RF01387	66	10
RF01388	7	7
RF01389	11	10
RF01390	139	10
RF01391	9	9
RF01392	18	10
RF01393	37	10
RF01394	1937	10
RF01395	108	10
RF01396	547	10
RF01397	17	10
RF01398	8	8
RF01399	11	10
RF01400	147	10
RF01401	27	10
RF01402	14	10
RF01403	4	4
RF01404	2	2
RF01405	1042	10
RF01406	14	10
RF01407	74	10
RF01408	171	10
RF01409	31	10
RF01410	1334	10
RF01411	591	10
RF01412	1761	10
RF01413	3329	10
RF01414	131	10
RF01415	21	10
RF01416	30	10
RF01417	187	10
RF01418	59	10
RF01419	4270	10
RF01420	349	10
RF01421	1438	10
RF01422	269	10
RF01423	318	10
RF01424	497	10
RF01425	15	10
RF01426	322	10
RF01427	234	10
RF01428	528	10
RF01429	67	10
RF01430	657	10
RF01431	688	10
RF01432	569	10
RF01433	692	10
RF01434	3	3
RF01435	4	4
RF01436	3	3
RF01437	3	3
RF01438	74	10
RF01439	3	3
RF01440	3	3
RF01441	2	2
RF01442	3	3
RF01443	3	3
RF01444	3	3
RF01445	3	3
RF01446	2	2
RF01447	3	3
RF01448	2	2
RF01449	3	3
RF01450	2	2
RF01451	1	1
RF01452	5	5
RF01453	3	3
RF01454	3	3
RF01455	131	10
RF01456	122	10
RF01457	22	10
RF01458	96	10
RF01459	10	10
RF01460	14	10
RF01461	6	6
RF01462	7	7
RF01463	5	5
RF01464	25	10
RF01465	3	3
RF01466	7	7
RF01467	8	8
RF01468	12	10
RF01469	9	9
RF01470	261	10
RF01471	47	10
RF01472	14	10
RF01473	23	10
RF01474	14	10
RF01475	15	10
RF01476	12	10
RF01477	5	5
RF01478	17	10
RF01479	11	10
RF01480	4	4
RF01481	16	10
RF01482	1198	10
RF01483	5	5
RF01484	4	4
RF01485	37	10
RF01486	8	8
RF01487	25	10
RF01488	6	6
RF01489	127	10
RF01490	9	9
RF01491	19	10
RF01492	758	10
RF01493	5	5
RF01494	186	10
RF01495	91	10
RF01496	566	10
RF01497	5868	10
RF01498	468	10
RF01499	126	10
RF01500	232	10
RF01501	130	10
RF01502	732	10
RF01503	15	10
RF01504	177	10
RF01505	454	10
RF01506	353	10
RF01507	317	10
RF01508	8	8
RF01509	485	10
RF01510	54	10
RF01511	518	10
RF01512	625	10
RF01513	504	10
RF01514	515	10
RF01515	516	10
RF01516	2	2
RF01517	154	10
RF01518	202	10
RF01519	50	10
RF01520	6	6
RF01521	67	10
RF01522	36	10
RF01523	14	10
RF01524	17	10
RF01525	20	10
RF01526	9	9
RF01527	100	10
RF01528	45	10
RF01529	176	10
RF01530	94	10
RF01531	16	10
RF01532	17	10
RF01533	14	10
RF01534	6	6
RF01535	13	10
RF01536	19	10
RF01537	16	10
RF01538	20	10
RF01539	40	10
RF01540	26	10
RF01541	30	10
RF01542	14	10
RF01543	28	10
RF01544	12	10
RF01545	7	7
RF01546	39	10
RF01547	35	10
RF01548	28	10
RF01549	22	10
RF01550	20	10
RF01551	6	6
RF01552	18	10
RF01553	15	10
RF01554	23	10
RF01555	17	10
RF01556	14	10
RF01557	14	10
RF01558	15	10
RF01559	2	2
RF01560	6	6
RF01561	6	6
RF01562	1	1
RF01563	3	3
RF01564	1	1
RF01565	2	2
RF01566	5	5
RF01567	1	1
RF01568	2	2
RF01569	3	3
RF01570	4	4
RF01572	2	2
RF01573	2	2
RF01574	2	2
RF01575	2	2
RF01576	1	1
RF01577	20	10
RF01578	12	10
RF01579	12	10
RF01580	4	4
RF01581	72	10
RF01582	27	10
RF01583	11	10
RF01584	5	5
RF01585	14	10
RF01586	12	10
RF01587	11	10
RF01588	32	10
RF01589	2	2
RF01590	5	5
RF01591	13	10
RF01592	16	10
RF01593	14	10
RF01594	13	10
RF01595	13	10
RF01596	19	10
RF01597	17	10
RF01598	15	10
RF01599	11	10
RF01600	15	10
RF01601	15	10
RF01602	14	10
RF01603	11	10
RF01604	11	10
RF01605	14	10
RF01606	9	9
RF01607	20	10
RF01608	11	10
RF01609	9	9
RF01610	20	10
RF01611	21	10
RF01612	12	10
RF01613	24	10
RF01614	10	10
RF01615	49	10
RF01617	13	10
RF01618	18	10
RF01619	8	8
RF01620	18	10
RF01621	8	8
RF01622	21	10
RF01623	19	10
RF01624	11	10
RF01625	10	10
RF01626	9	9
RF01627	27	10
RF01628	8	8
RF01629	85	10
RF01630	35	10
RF01631	13	10
RF01632	9	9
RF01633	12	10
RF01634	10	10
RF01635	12	10
RF01636	8	8
RF01637	58	10
RF01638	12	10
RF01639	10	10
RF01640	10	10
RF01641	10	10
RF01642	12	10
RF01643	10	10
RF01644	13	10
RF01645	22	10
RF01646	8	8
RF01647	8	8
RF01648	9	9
RF01649	9	9
RF01650	1	1
RF01651	10	10
RF01652	19	10
RF01653	19	10
RF01654	21	10
RF01655	22	10
RF01656	462	10
RF01658	12	10
RF01659	9	9
RF01660	93	10
RF01661	21	10
RF01662	9	9
RF01663	9	9
RF01664	19	10
RF01665	2	2
RF01666	10	10
RF01667	13	10
RF01668	705	10
RF01669	564	10
RF01670	67	10
RF01671	25	10
RF01672	2	2
RF01673	845	10
RF01674	626	10
RF01675	1602	10
RF01676	188	10
RF01677	2	2
RF01678	5	5
RF01679	90	10
RF01680	2	2
RF01681	12	10
RF01682	2	2
RF01683	5	5
RF01684	1055	10
RF01685	1361	10
RF01686	52	10
RF01687	15136	10
RF01688	2995	10
RF01689	1217	10
RF01690	12943	10
RF01691	237	10
RF01692	662	10
RF01693	1841	10
RF01694	117	10
RF01695	11991	10
RF01696	100	10
RF01697	142	10
RF01698	5	5
RF01699	7967	10
RF01700	158	10
RF01701	1406	10
RF01702	105	10
RF01703	5	5
RF01704	1012	10
RF01705	29434	10
RF01706	7139	10
RF01707	544	10
RF01708	378	10
RF01709	109	10
RF01710	49	10
RF01711	62	10
RF01712	85	10
RF01713	40	10
RF01714	3	3
RF01715	26	10
RF01716	37	10
RF01717	373	10
RF01718	65	10
RF01719	470	10
RF01720	344	10
RF01721	677	10
RF01722	8	8
RF01723	146	10
RF01724	92	10
RF01725	2459	10
RF01726	4467	10
RF01727	966	10
RF01728	480	10
RF01729	39	10
RF01730	18	10
RF01731	6469	10
RF01732	266	10
RF01733	109	10
RF01734	10617	10
RF01735	1320	10
RF01736	359	10
RF01737	14	10
RF01738	388	10
RF01739	1613	10
RF01740	628	10
RF01742	27	10
RF01743	26	10
RF01744	81	10
RF01745	185	10
RF01746	2481	10
RF01747	2680	10
RF01748	181	10
RF01749	1708	10
RF01750	10393	10
RF01751	127	10
RF01752	160	10
RF01753	50	10
RF01754	1394	10
RF01755	672	10
RF01756	453	10
RF01757	81	10
RF01758	628	10
RF01759	259	10
RF01760	588	10
RF01761	156	10
RF01762	367	10
RF01763	2832	10
RF01764	2025	10
RF01765	5	5
RF01766	5780	10
RF01767	479	10
RF01768	6	6
RF01769	458	10
RF01770	773	10
RF01771	175	10
RF01772	415	10
RF01773	390	10
RF01774	19	10
RF01775	57	10
RF01776	416	10
RF01778	289	10
RF01779	2	2
RF01780	9	9
RF01781	1171	10
RF01782	24531	10
RF01783	2	2
RF01784	168	10
RF01785	7	7
RF01786	3655	10
RF01787	6044	10
RF01788	427	10
RF01789	5	5
RF01790	8	8
RF01791	478	10
RF01792	5	5
RF01793	2083	10
RF01794	1087	10
RF01795	33	10
RF01796	312	10
RF01797	249	10
RF01798	1	1
RF01800	5	5
RF01802	6	6
RF01803	1565	10
RF01804	12	10
RF01807	13	10
RF01808	152	10
RF01809	480	10
RF01810	44	10
RF01811	70	10
RF01812	63	10
RF01813	80	10
RF01814	497	10
RF01815	244	10
RF01816	49	10
RF01817	2	2
RF01818	6	6
RF01819	50	10
RF01820	606	10
RF01821	53	10
RF01822	4	4
RF01823	394	10
RF01824	8	8
RF01825	7	7
RF01826	483	10
RF01827	398	10
RF01828	4	4
RF01829	1	1
RF01830	650	10
RF01831	6725	10
RF01832	253	10
RF01833	5	5
RF01834	5	5
RF01835	21	10
RF01836	8	8
RF01837	4	4
RF01838	4	4
RF01839	5	5
RF01840	16	10
RF01841	9	9
RF01842	15	10
RF01843	3	3
RF01844	368	10
RF01845	330	10
RF01846	1270	10
RF01847	3421	10
RF01848	1689	10
RF01849	6635	10
RF01850	223	10
RF01851	409	10
RF01852	16790	10
RF01853	579	10
RF01854	10937	10
RF01855	4572	10
RF01856	108	10
RF01857	2483	10
RF01858	5	5
RF01859	1467	10
RF01860	455	10
RF01861	19	10
RF01862	11	10
RF01863	1	1
RF01864	11	10
RF01865	4	4
RF01866	9	9
RF01867	864	10
RF01871	91	10
RF01872	92	10
RF01873	87	10
RF01874	82	10
RF01875	100	10
RF01876	69	10
RF01877	125	10
RF01879	115	10
RF01880	76	10
RF01881	83	10
RF01882	127	10
RF01883	97	10
RF01884	520	10
RF01885	14	10
RF01886	16	10
RF01887	98	10
RF01888	104	10
RF01889	8	8
RF01890	2	2
RF01891	139	10
RF01892	123	10
RF01894	489	10
RF01895	299	10
RF01896	139	10
RF01897	104	10
RF01898	161	10
RF01899	7	7
RF01900	9	9
RF01901	19	10
RF01902	31	10
RF01903	211	10
RF01904	36	10
RF01905	78	10
RF01906	87	10
RF01909	109	10
RF01910	42	10
RF01911	1906	10
RF01912	3733	10
RF01913	40	10
RF01914	107	10
RF01915	25	10
RF01916	26	10
RF01917	236	10
RF01918	28	10
RF01919	19	10
RF01920	69	10
RF01921	26	10
RF01922	63	10
RF01923	73	10
RF01924	2853	10
RF01925	66	10
RF01926	158	10
RF01927	8	8
RF01928	104	10
RF01929	10	10
RF01930	11	10
RF01931	17	10
RF01932	16	10
RF01933	13	10
RF01934	14	10
RF01935	5	5
RF01936	23	10
RF01937	791	10
RF01938	18	10
RF01939	59	10
RF01940	2	2
RF01941	17	10
RF01943	156	10
RF01944	39	10
RF01945	334	10
RF01946	104	10
RF01947	100	10
RF01948	75	10
RF01950	99	10
RF01951	431	10
RF01952	70	10
RF01953	399	10
RF01954	272	10
RF01955	173	10
RF01956	166	10
RF01957	179	10
RF01959	33405	10
RF01960	57018	10
RF01962	84	10
RF01963	126	10
RF01964	87	10
RF01965	101	10
RF01966	112	10
RF01967	456	10
RF01968	454	10
RF01969	367	10
RF01970	456	10
RF01971	118	10
RF01972	87	10
RF01973	73	10
RF01974	70	10
RF01975	91	10
RF01976	446	10
RF01977	66	10
RF01978	94	10
RF01979	95	10
RF01981	106	10
RF01982	204	10
RF01983	115	10
RF01984	322	10
RF01985	64	10
RF01986	145	10
RF01987	67	10
RF01988	88	10
RF01989	4185	10
RF01990	307	10
RF01991	13	10
RF01992	111	10
RF01996	14	10
RF01997	14	10
RF01998	4391	10
RF01999	3947	10
RF02000	52	10
RF02001	13043	10
RF02003	3460	10
RF02004	1706	10
RF02005	6381	10
RF02006	19	10
RF02007	12	10
RF02008	17	10
RF02009	12	10
RF02010	6	6
RF02011	4	4
RF02012	2790	10
RF02014	19	10
RF02015	16	10
RF02016	10	10
RF02017	75	10
RF02018	15	10
RF02019	37	10
RF02020	118	10
RF02021	25	10
RF02022	13	10
RF02023	8	8
RF02024	25	10
RF02025	51	10
RF02026	6	6
RF02027	95	10
RF02028	14	10
RF02029	397	10
RF02030	416	10
RF02031	384	10
RF02032	148	10
RF02033	4544	10
RF02034	293	10
RF02035	605	10
RF02036	33	10
RF02037	45	10
RF02038	98	10
RF02039	110	10
RF02040	70	10
RF02041	449	10
RF02042	117	10
RF02043	110	10
RF02044	21	10
RF02045	93	10
RF02046	215	10
RF02047	258	10
RF02048	3	3
RF02049	5	5
RF02050	5	5
RF02051	99	10
RF02052	26	10
RF02053	133	10
RF02054	4	4
RF02055	7	7
RF02056	7	7
RF02057	193	10
RF02058	39	10
RF02059	4	4
RF02060	22	10
RF02061	373	10
RF02062	4	4
RF02063	5	5
RF02064	31	10
RF02065	7	7
RF02066	10	10
RF02067	9	9
RF02068	28	10
RF02069	26	10
RF02070	6	6
RF02071	4	4
RF02072	4	4
RF02073	8	8
RF02074	252	10
RF02075	47	10
RF02076	243	10
RF02077	6	6
RF02078	4	4
RF02079	151	10
RF02080	6	6
RF02081	277	10
RF02082	22	10
RF02083	13	10
RF02084	170	10
RF02085	14	10
RF02086	12	10
RF02087	9	9
RF02088	6	6
RF02089	82	10
RF02090	118	10
RF02091	185	10
RF02092	123	10
RF02093	207	10
RF02094	60	10
RF02095	302	10
RF02097	37	10
RF02098	28	10
RF02099	1	1
RF02100	163	10
RF02101	111	10
RF02102	35	10
RF02103	227	10
RF02104	83	10
RF02105	141	10
RF02106	77	10
RF02107	91	10
RF02108	108	10
RF02109	309	10
RF02110	191	10
RF02111	180	10
RF02112	126	10
RF02113	118	10
RF02114	58	10
RF02115	94	10
RF02116	110	10
RF02117	69	10
RF02118	84	10
RF02119	74	10
RF02120	75	10
RF02121	86	10
RF02122	110	10
RF02123	79	10
RF02124	132	10
RF02125	58	10
RF02126	65	10
RF02127	108	10
RF02128	96	10
RF02129	37	10
RF02130	108	10
RF02131	102	10
RF02132	90	10
RF02133	85	10
RF02134	15	10
RF02135	14	10
RF02136	14	10
RF02137	60	10
RF02138	357	10
RF02139	92	10
RF02140	381	10
RF02141	422	10
RF02142	100	10
RF02143	109	10
RF02144	679	10
RF02145	93	10
RF02146	86	10
RF02147	73	10
RF02148	103	10
RF02149	99	10
RF02150	92	10
RF02151	81	10
RF02153	328	10
RF02154	93	10
RF02155	15	10
RF02156	91	10
RF02157	68	10
RF02158	99	10
RF02159	118	10
RF02160	469	10
RF02161	75	10
RF02162	287	10
RF02163	362	10
RF02164	115	10
RF02165	109	10
RF02166	196	10
RF02167	85	10
RF02168	111	10
RF02169	84	10
RF02170	35	10
RF02171	15	10
RF02172	30	10
RF02173	118	10
RF02174	90	10
RF02175	99	10
RF02176	108	10
RF02177	63	10
RF02178	65	10
RF02179	97	10
RF02180	87	10
RF02181	17	10
RF02182	29	10
RF02183	84	10
RF02184	44	10
RF02185	101	10
RF02186	13	10
RF02187	107	10
RF02188	110	10
RF02189	117	10
RF02190	96	10
RF02191	56	10
RF02192	82	10
RF02193	109	10
RF02194	221	10
RF02195	108	10
RF02196	74	10
RF02197	23	10
RF02198	89	10
RF02199	86	10
RF02200	66	10
RF02201	100	10
RF02202	8	8
RF02203	94	10
RF02204	93	10
RF02205	119	10
RF02206	86	10
RF02207	16	10
RF02208	86	10
RF02209	403	10
RF02210	117	10
RF02211	15	10
RF02212	69	10
RF02213	23	10
RF02214	3	3
RF02215	117	10
RF02216	182	10
RF02217	17	10
RF02218	46	10
RF02219	186	10
RF02220	22	10
RF02221	2121	10
RF02222	38	10
RF02223	84	10
RF02224	84	10
RF02225	97	10
RF02226	74	10
RF02227	68	10
RF02228	1957	10
RF02230	116	10
RF02231	28	10
RF02232	345	10
RF02233	44	10
RF02234	166	10
RF02235	305	10
RF02237	5	5
RF02238	35	10
RF02239	2	2
RF02240	74	10
RF02241	35	10
RF02242	205	10
RF02243	42	10
RF02244	8	8
RF02245	3	3
RF02246	93	10
RF02247	106	10
RF02248	79	10
RF02249	116	10
RF02250	360	10
RF02251	37	10
RF02252	262	10
RF02253	625	10
RF02254	5	5
RF02255	11	10
RF02256	6	6
RF02257	9	9
RF02258	8	8
RF02259	4	4
RF02260	228	10
RF02261	112	10
RF02262	101	10
RF02263	203	10
RF02264	158	10
RF02265	207	10
RF02266	53	10
RF02267	128	10
RF02268	95	10
RF02269	75	10
RF02270	3	3
RF02271	74083	10
RF02272	95	10
RF02273	20	10
RF02274	25	10
RF02275	752	10
RF02276	1303	10
RF02277	82	10
RF02278	2996	10
RF02279	1	1
RF02280	1	1
RF02281	2	2
RF02282	1	1
RF02283	3	3
RF02284	1	1
RF02285	2	2
RF02286	1	1
RF02287	2	2
RF02288	2	2
RF02289	1	1
RF02290	1	1
RF02291	2	2
RF02292	1	1
RF02293	1	1
RF02294	2	2
RF02295	2	2
RF02296	1	1
RF02297	2	2
RF02298	1	1
RF02299	1	1
RF02300	1	1
RF02301	2	2
RF02302	2	2
RF02303	1	1
RF02304	1	1
RF02305	1	1
RF02306	1	1
RF02307	1	1
RF02308	1	1
RF02309	1	1
RF02310	1	1
RF02311	2	2
RF02312	1	1
RF02313	1	1
RF02314	2	2
RF02315	2	2
RF02316	2	2
RF02317	1	1
RF02318	1	1
RF02319	1	1
RF02320	1	1
RF02321	1	1
RF02322	1	1
RF02323	1	1
RF02324	1	1
RF02325	1	1
RF02326	1	1
RF02327	1	1
RF02328	1	1
RF02329	1	1
RF02330	2	2
RF02331	1	1
RF02332	1	1
RF02333	1	1
RF02334	1	1
RF02335	1	1
RF02336	1	1
RF02337	1	1
RF02338	1	1
RF02339	1	1
RF02340	2	2
RF02341	104	10
RF02342	656	10
RF02343	698	10
RF02344	3511	10
RF02345	1113	10
RF02346	621	10
RF02347	677	10
RF02348	193	10
RF02349	269	10
RF02350	13	10
RF02351	6	6
RF02353	310	10
RF02354	284	10
RF02355	446	10
RF02356	1381	10
RF02357	41	10
RF02358	1	1
RF02359	3	3
RF02360	163	10
RF02362	221	10
RF02363	65	10
RF02364	148	10
RF02365	182	10
RF02366	49	10
RF02367	158	10
RF02368	1	1
RF02369	15	10
RF02370	33	10
RF02371	41	10
RF02372	28	10
RF02373	254	10
RF02374	15	10
RF02375	143	10
RF02376	423	10
RF02377	11	10
RF02378	12	10
RF02379	381	10
RF02384	19	10
RF02385	60	10
RF02386	3	3
RF02387	1	1
RF02388	2	2
RF02389	1	1
RF02390	1	1
RF02392	1	1
RF02393	5	5
RF02394	1	1
RF02395	1	1
RF02396	47	10
RF02397	1	1
RF02398	1	1
RF02399	1677	10
RF02400	23	10
RF02401	179	10
RF02402	112	10
RF02403	24	10
RF02404	1	1
RF02405	325	10
RF02406	27	10
RF02407	223	10
RF02408	20	10
RF02409	17	10
RF02410	398	10
RF02411	263	10
RF02412	24	10
RF02413	246	10
RF02414	90	10
RF02415	9	9
RF02416	1	1
RF02417	2	2
RF02418	19	10
RF02419	93	10
RF02420	161	10
RF02421	636	10
RF02422	255	10
RF02423	251	10
RF02424	161	10
RF02425	93	10
RF02426	17	10
RF02427	6	6
RF02428	8	8
RF02429	2	2
RF02430	9	9
RF02431	183	10
RF02432	122	10
RF02433	31	10
RF02434	26	10
RF02435	81	10
RF02436	104	10
RF02437	66	10
RF02438	8	8
RF02439	5	5
RF02440	1190	10
RF02441	4	4
RF02442	199	10
RF02443	1	1
RF02444	14	10
RF02445	6	6
RF02446	195	10
RF02447	259	10
RF02448	45	10
RF02449	287	10
RF02450	10	10
RF02451	113	10
RF02452	407	10
RF02453	10	10
RF02454	21	10
RF02457	3	3
RF02458	1	1
RF02459	7	7
RF02460	1	1
RF02462	432	10
RF02463	327	10
RF02464	178	10
RF02465	55	10
RF02466	157	10
RF02468	1	1
RF02469	726	10
RF02470	120	10
RF02471	2453	10
RF02472	2	2
RF02473	1	1
RF02474	1	1
RF02475	1	1
RF02476	1	1
RF02477	1	1
RF02478	1	1
RF02479	1	1
RF02480	1	1
RF02481	1	1
RF02482	1	1
RF02483	1	1
RF02484	1	1
RF02485	1	1
RF02486	1	1
RF02487	1	1
RF02488	1	1
RF02489	1	1
RF02490	1	1
RF02491	1	1
RF02492	1	1
RF02493	1	1
RF02494	1	1
RF02495	10	10
RF02496	970	10
RF02497	27	10
RF02499	7	7
RF02500	1072	10
RF02501	214	10
RF02502	1065	10
RF02503	396	10
RF02504	79	10
RF02505	3	3
RF02506	228	10
RF02507	38	10
RF02508	2	2
RF02509	66	10
RF02510	2881	10
RF02511	1	1
RF02512	19	10
RF02514	16994	10
RF02516	607	10
RF02517	12	10
RF02518	1	1
RF02519	1	1
RF02520	181	10
RF02521	1	1
RF02522	1	1
RF02523	464	10
RF02524	9	9
RF02525	1	1
RF02526	51	10
RF02527	2	2
RF02528	14	10
RF02529	1	1
RF02530	3	3
RF02531	93	10
RF02534	3	3
RF02535	376	10
RF02536	1	1
RF02537	1	1
RF02538	1	1
RF02539	757	10
RF02540	2726	10
RF02541	44470	10
RF02542	1158	10
RF02543	89370	10
RF02544	32	10
RF02545	10	10
RF02546	8	8
RF02547	6	6
RF02548	12	10
RF02550	2	2
RF02551	298	10
RF02552	249	10
RF02553	1897	10
RF02556	27	10
RF02557	1	1
RF02558	1	1
RF02559	1	1
RF02560	2	2
RF02561	3	3
RF02562	1	1
RF02563	20	10
RF02564	1601	10
RF02565	1	1
RF02566	649	10
RF02567	11	10
RF02569	12	10
RF02570	1	1
RF02571	2	2
RF02572	1	1
RF02574	75	10
RF02575	3	3
RF02577	177	10
RF02578	53	10
RF02580	46	10
RF02581	1	1
RF02582	1	1
RF02583	3	3
RF02584	53	10
RF02589	84	10
RF02590	2	2
RF02591	3	3
RF02592	74	10
RF02593	76	10
RF02594	112	10
RF02595	3	3
RF02596	89	10
RF02597	1	1
RF02598	72	10
RF02600	525	10
RF02601	32	10
RF02603	25	10
RF02604	32	10
RF02605	762	10
RF02606	58	10
RF02607	2	2
RF02608	118	10
RF02609	1	1
RF02610	1	1
RF02611	1	1
RF02612	22	10
RF02613	31	10
RF02614	2	2
RF02615	1	1
RF02616	61	10
RF02617	180	10
RF02618	3	3
RF02619	1	1
RF02620	26	10
RF02621	146	10
RF02622	10	10
RF02623	22	10
RF02624	1	1
RF02625	691	10
RF02626	16	10
RF02628	105	10
RF02629	2	2
RF02630	1	1
RF02631	12	10
RF02632	4	4
RF02633	7	7
RF02634	12	10
RF02635	1	1
RF02637	1	1
RF02638	1	1
RF02639	1	1
RF02640	16	10
RF02641	2	2
RF02642	1	1
RF02643	4	4
RF02644	3	3
RF02645	1049	10
RF02646	792	10
RF02647	1221	10
RF02648	153	10
RF02649	162	10
RF02650	6	6
RF02651	364	10
RF02652	5	5
RF02654	188	10
RF02655	1	1
RF02656	985	10
RF02657	166	10
RF02659	2	2
RF02660	4	4
RF02661	1	1
RF02662	1	1
RF02663	2	2
RF02664	22	10
RF02665	18	10
RF02666	7	7
RF02667	15	10
RF02668	14	10
RF02669	14	10
RF02670	5	5
RF02671	7	7
RF02672	8	8
RF02673	1126	10
RF02674	2114	10
RF02675	6767	10
RF02676	2	2
RF02677	62	10
RF02678	28	10
RF02679	229	10
RF02680	95	10
RF02681	104	10
RF02682	1928	10
RF02683	1161	10
RF02684	129	10
RF02685	45	10
RF02686	2	2
RF02687	13	10
RF02688	113	10
RF02689	5	5
RF02690	62	10
RF02691	67	10
RF02692	248	10
RF02693	1	1
RF02694	4	4
RF02695	242	10
RF02696	1	1
RF02697	1	1
RF02698	9	9
RF02699	2	2
RF02700	14	10
RF02701	273	10
RF02702	2	2
RF02703	2	2
RF02705	22	10
RF02706	16	10
RF02707	25	10
RF02708	2	2
RF02709	1	1
RF02711	3	3
RF02712	2	2
RF02713	15	10
RF02714	12	10
RF02715	7	7
RF02716	1	1
RF02717	1	1
RF02718	13	10
RF02720	1	1
RF02721	16	10
RF02722	2	2
RF02723	285	10
RF02724	79	10
RF02725	87	10
RF02726	5	5
RF02727	12	10
RF02728	27	10
RF02730	4	4
RF02731	21	10
RF02732	73	10
RF02733	1	1
RF02734	4	4
RF02735	3264	10
RF02736	559	10
RF02737	16	10
RF02738	292	10
RF02740	13	10
RF02741	40	10
RF02742	18	10
RF02743	238	10
RF02744	571	10
RF02745	104	10
RF02746	64	10
RF02747	2	2
RF02748	22	10
RF02749	17	10
RF02750	29	10
RF02751	98	10
RF02752	61	10
RF02753	32	10
RF02754	3	3
RF02755	115	10
RF02756	6	6
RF02757	467	10
RF02758	1	1
RF02760	5	5
RF02761	1	1
RF02762	10	10
RF02763	1	1
RF02764	62	10
RF02765	22	10
RF02766	45	10
RF02767	14	10
RF02768	408	10
RF02769	1	1
RF02770	1032	10
RF02771	1	1
RF02772	1	1
RF02773	180	10
RF02774	22	10
RF02775	24	10
RF02776	1	1
RF02777	2	2
RF02778	29	10
RF02779	21	10
RF02780	17	10
RF02781	10	10
RF02782	497	10
RF02783	145	10
RF02784	1348	10
RF02785	3	3
RF02786	8	8
RF02787	6	6
RF02788	20	10
RF02789	8	8
RF02790	818	10
RF02792	30	10
RF02793	5	5
RF02794	45	10
RF02795	4	4
RF02796	41	10
RF02797	219	10
RF02798	38	10
RF02799	3	3
RF02800	1009	10
RF02801	12	10
RF02802	6	6
RF02803	5	5
RF02805	10	10
RF02806	4	4
RF02807	1	1
RF02808	9	9
RF02809	35	10
RF02811	1	1
RF02812	885	10
RF02813	18	10
RF02814	40	10
RF02815	6	6
RF02816	15	10
RF02818	3798	10
RF02819	6540	10
RF02820	862	10
RF02821	2	2
RF02823	239	10
RF02824	40	10
RF02825	43	10
RF02826	168	10
RF02827	219	10
RF02828	688	10
RF02829	627	10
RF02830	848	10
RF02831	323	10
RF02832	732	10
RF02833	333	10
RF02834	77	10
RF02835	1148	10
RF02836	687	10
RF02837	2173	10
RF02838	7	7
RF02839	3	3
RF02840	248	10
RF02841	20	10
RF02842	18	10
RF02843	2	2
RF02844	14	10
RF02845	6	6
RF02846	79	10
RF02847	30	10
RF02848	135	10
RF02849	1446	10
RF02850	1405	10
RF02851	77	10
RF02852	18	10
RF02853	2	2
RF02854	12	10
RF02855	768	10
RF02856	1	1
RF02857	3	3
RF02858	30	10
RF02859	22	10
RF02860	33	10
RF02861	45	10
RF02862	157	10
RF02863	170	10
RF02864	34	10
RF02865	149	10
RF02866	168	10
RF02867	195	10
RF02868	40	10
RF02869	121	10
RF02870	63	10
RF02871	228	10
RF02872	463	10
RF02873	5	5
RF02874	8	8
RF02875	19	10
RF02876	19	10
RF02877	150	10
RF02878	107	10
RF02879	116	10
RF02880	39	10
RF02881	46	10
RF02882	88	10
RF02883	193	10
RF02884	248	10
RF02885	32	10
RF02886	111	10
RF02887	76	10
RF02888	4	4
RF02889	13	10
RF02890	5	5
RF02891	78	10
RF02892	5	5
RF02893	388	10
RF02894	110	10
RF02895	179	10
RF02896	26	10
RF02897	36	10
RF02898	90	10
RF02899	73	10
RF02900	22	10
RF02901	198	10
RF02902	425	10
RF02903	10	10
RF02904	12	10
RF02905	43	10
RF02906	18	10
RF02907	15	10
RF02908	33	10
RF02909	30	10
RF02911	49	10
RF02912	76	10
RF02913	2656	10
RF02914	8297	10
RF02915	186	10
RF02916	246	10
RF02917	52	10
RF02918	50	10
RF02919	83	10
RF02920	87	10
RF02921	311	10
RF02922	61	10
RF02923	43	10
RF02925	180	10
RF02926	27	10
RF02927	2	2
RF02928	174	10
RF02929	123	10
RF02930	157	10
RF02931	35	10
RF02932	167	10
RF02933	4	4
RF02934	19	10
RF02935	764	10
RF02936	3	3
RF02937	689	10
RF02938	125	10
RF02940	708	10
RF02941	57	10
RF02942	59	10
RF02943	15	10
RF02944	510	10
RF02945	68	10
RF02946	125	10
RF02947	13	10
RF02949	34	10
RF02950	1	1
RF02951	213	10
RF02952	67	10
RF02953	5	5
RF02954	5	5
RF02955	87	10
RF02957	369	10
RF02958	568	10
RF02959	29	10
RF02960	152	10
RF02961	37	10
RF02962	71	10
RF02963	28	10
RF02964	214	10
RF02965	334	10
RF02966	85	10
RF02967	261	10
RF02968	452	10
RF02969	366	10
RF02971	19	10
RF02972	86	10
RF02973	4	4
RF02974	10	10
RF02975	752	10
RF02976	1	1
RF02977	146	10
RF02978	17	10
RF02980	3	3
RF02981	60	10
RF02982	135	10
RF02983	23	10
RF02984	134	10
RF02985	32	10
RF02986	88	10
RF02987	1417	10
RF02989	103	10
RF02990	20	10
RF02991	35	10
RF02992	172	10
RF02993	157	10
RF02994	43	10
RF02995	39	10
RF02996	2100	10
RF02999	505	10
RF03000	11	10
RF03001	93	10
RF03002	10	10
RF03003	224	10
RF03004	13	10
RF03005	108	10
RF03006	38	10
RF03007	7	7
RF03008	59	10
RF03009	43	10
RF03010	8	8
RF03011	70	10
RF03012	11	10
RF03013	140	10
RF03014	111	10
RF03015	536	10
RF03016	52	10
RF03017	45	10
RF03018	217	10
RF03019	99	10
RF03020	84	10
RF03021	99	10
RF03022	38	10
RF03023	33	10
RF03024	6	6
RF03025	35	10
RF03026	765	10
RF03027	68	10
RF03028	56	10
RF03029	1	1
RF03030	8	8
RF03031	325	10
RF03032	683	10
RF03033	69	10
RF03034	722	10
RF03035	42	10
RF03036	99	10
RF03037	45	10
RF03038	91	10
RF03039	207	10
RF03040	106	10
RF03041	192	10
RF03042	34	10
RF03043	8	8
RF03044	259	10
RF03045	87	10
RF03046	75	10
RF03047	12	10
RF03048	5	5
RF03050	12	10
RF03052	55	10
RF03054	877	10
RF03056	28	10
RF03057	1293	10
RF03058	1111	10
RF03059	322	10
RF03060	259	10
RF03061	19	10
RF03062	71	10
RF03063	850	10
RF03064	1422	10
RF03065	8	8
RF03066	13	10
RF03067	2922	10
RF03068	112	10
RF03069	1070	10
RF03070	96	10
RF03071	399	10
RF03072	2245	10
RF03074	937	10
RF03075	326	10
RF03076	970	10
RF03077	245	10
RF03078	1601	10
RF03079	248	10
RF03080	28	10
RF03081	2632	10
RF03082	106	10
RF03085	387	10
RF03086	714	10
RF03087	226	10
RF03088	1	1
RF03090	3	3
RF03091	1	1
RF03093	26	10
RF03094	4	4
RF03097	6	6
RF03098	4	4
RF03100	3	3
RF03101	4	4
RF03104	2	2
RF03105	1	1
RF03106	9	9
RF03108	38	10
RF03109	30	10
RF03111	19	10
RF03112	87	10
RF03114	1	1
RF03115	62	10
RF03116	30	10
RF03117	15	10
RF03118	2	2
RF03119	7	7
RF03120	7	7
RF03121	26	10
RF03122	18	10
RF03123	5	5
RF03124	7	7
RF03125	5	5
RF03126	97	10
RF03127	621	10
RF03128	82	10
RF03129	91	10
RF03130	238	10
RF03131	71	10
RF03132	747	10
RF03133	61	10
RF03134	77	10
RF03135	474	10
RF03136	3032	10
RF03137	109	10
RF03138	168	10
RF03139	156	10
RF03140	137	10
RF03141	233	10
RF03142	667	10
RF03143	355	10
RF03144	202	10
RF03145	3	3
RF03146	14	10
RF03147	30	10
RF03148	69	10
RF03149	1	1
RF03150	1	1
RF03151	319	10
RF03152	4	4
RF03154	10	10
RF03155	966	10
RF03156	295	10
RF03157	727	10
RF03158	1677	10
RF03159	7	7
RF03160	5360	10
RF03162	1046	10
RF03163	1679	10
RF03164	22	10
RF03165	510	10
RF03166	1435	10
RF03167	9003	10
RF03168	6731	10
RF03169	2022	10
RF03170	702	10
RF03171	2	2
RF03172	32	10
RF03173	15	10
RF03174	41	10
RF03175	50	10
RF03176	52	10
RF03177	1	1
RF03178	4	4
RF03179	14	10
RF03180	16	10
RF03181	23	10
RF03182	8	8
RF03183	7	7
RF03184	9	9
RF03185	11	10
RF03186	112	10
RF03187	15	10
RF03188	19	10
RF03189	129	10
RF03190	3	3
RF03191	7	7
RF03192	14	10
RF03193	29	10
RF03194	14	10
RF03195	9	9
RF03196	14	10
RF03197	45	10
RF03198	10	10
RF03199	14	10
RF03200	2	2
RF03201	23	10
RF03202	13	10
RF03203	12	10
RF03204	13	10
RF03205	25	10
RF03206	12	10
RF03207	13	10
RF03208	273	10
RF03209	31	10
RF03210	3	3
RF03211	5	5
RF03212	76	10
RF03213	18	10
RF03215	15	10
RF03216	2	2
RF03217	8	8
RF03218	75	10
RF03219	8	8
RF03220	4	4
RF03221	9	9
RF03222	17	10
RF03223	2	2
RF03224	22	10
RF03225	41	10
RF03226	6	6
RF03227	83	10
RF03228	11	10
RF03229	39	10
RF03230	2	2
RF03231	7	7
RF03232	89	10
RF03233	2	2
RF03234	2	2
RF03235	8	8
RF03236	9	9
RF03237	23	10
RF03238	5	5
RF03239	3	3
RF03240	320	10
RF03242	58	10
RF03243	6	6
RF03244	57	10
RF03246	3	3
RF03247	52	10
RF03248	18	10
RF03249	17	10
RF03251	22	10
RF03252	2	2
RF03253	10	10
RF03254	15	10
RF03255	117	10
RF03256	15	10
RF03257	4	4
RF03258	8	8
RF03259	2	2
RF03260	10	10
RF03262	4	4
RF03263	2	2
RF03264	2	2
RF03265	191	10
RF03266	6	6
RF03267	3	3
RF03268	9	9
RF03269	19	10
RF03271	27	10
RF03272	68	10
RF03274	14	10
RF03275	7	7
RF03276	2	2
RF03277	14	10
RF03278	100	10
RF03279	70	10
RF03280	34	10
RF03281	4	4
RF03283	13	10
RF03284	12	10
RF03285	8	8
RF03286	16	10
RF03287	15	10
RF03288	62	10
RF03289	9	9
RF03290	30	10
RF03291	12	10
RF03292	49	10
RF03293	45	10
RF03294	2	2
RF03295	5	5
RF03296	29	10
RF03297	19	10
RF03298	7	7
RF03299	115	10
RF03300	3	3
RF03301	74	10
RF03302	13	10
RF03303	13	10
RF03304	150	10
RF03305	18	10
RF03306	26	10
RF03307	9	9
RF03308	25	10
RF03309	9	9
RF03310	14	10
RF03311	28	10
RF03312	3	3
RF03313	78	10
RF03314	9	9
RF03315	78	10
RF03316	21	10
RF03317	3	3
RF03318	2	2
RF03319	51	10
RF03321	10	10
RF03322	50	10
RF03323	78	10
RF03324	10	10
RF03325	68	10
RF03326	4	4
RF03327	24	10
RF03328	50	10
RF03329	29	10
RF03330	30	10
RF03331	12	10
RF03332	4	4
RF03333	23	10
RF03334	19	10
RF03335	43	10
RF03336	13	10
RF03337	6	6
RF03338	12	10
RF03339	21	10
RF03340	12	10
RF03341	5	5
RF03342	128	10
RF03343	3	3
RF03344	7	7
RF03345	20	10
RF03346	4	4
RF03347	46	10
RF03348	3	3
RF03349	42	10
RF03350	6	6
RF03351	16	10
RF03352	3	3
RF03353	139	10
RF03354	85	10
RF03355	9	9
RF03356	43	10
RF03357	22	10
RF03358	3	3
RF03359	74	10
RF03360	131	10
RF03361	12	10
RF03362	23	10
RF03363	4	4
RF03364	22	10
RF03366	144	10
RF03367	3	3
RF03368	5	5
RF03369	9	9
RF03370	10	10
RF03371	84	10
RF03372	11	10
RF03373	16	10
RF03374	14	10
RF03375	33	10
RF03376	3	3
RF03377	3	3
RF03378	117	10
RF03379	49	10
RF03380	7	7
RF03381	90	10
RF03382	2	2
RF03383	8	8
RF03384	20	10
RF03385	4	4
RF03386	23	10
RF03387	634	10
RF03388	4	4
RF03389	12	10
RF03390	40	10
RF03391	7	7
RF03392	11	10
RF03393	3	3
RF03394	90	10
RF03395	40	10
RF03396	11	10
RF03397	11	10
RF03398	5	5
RF03399	6	6
RF03400	118	10
RF03401	2	2
RF03402	22	10
RF03403	50	10
RF03404	72	10
RF03405	33	10
RF03406	30	10
RF03407	67	10
RF03408	36	10
RF03409	4	4
RF03410	6	6
RF03411	17	10
RF03412	3	3
RF03413	11	10
RF03414	63	10
RF03416	4	4
RF03417	3	3
RF03418	16	10
RF03419	74	10
RF03420	17	10
RF03421	7	7
RF03422	5	5
RF03423	10	10
RF03424	18	10
RF03425	3	3
RF03426	130	10
RF03427	3	3
RF03428	7	7
RF03429	1	1
RF03430	29	10
RF03431	25	10
RF03432	3	3
RF03433	43	10
RF03434	9	9
RF03435	97	10
RF03436	48	10
RF03437	13	10
RF03438	2	2
RF03439	264	10
RF03440	10	10
RF03441	3	3
RF03442	6	6
RF03443	127	10
RF03444	11	10
RF03445	134	10
RF03447	14	10
RF03448	23	10
RF03449	12	10
RF03450	36	10
RF03451	9	9
RF03452	13	10
RF03453	5	5
RF03454	24	10
RF03455	3	3
RF03456	55	10
RF03457	191	10
RF03458	21	10
RF03459	23	10
RF03460	75	10
RF03461	10	10
RF03462	12	10
RF03463	5	5
RF03464	16	10
RF03465	211	10
RF03466	96	10
RF03467	16	10
RF03468	48	10
RF03469	42	10
RF03470	121	10
RF03471	24	10
RF03472	14	10
RF03473	208	10
RF03474	18	10
RF03475	21	10
RF03476	11	10
RF03477	26	10
RF03478	10	10
RF03479	28	10
RF03480	63	10
RF03481	436	10
RF03482	10	10
RF03483	138	10
RF03484	1	1
RF03485	5	5
RF03486	11	10
RF03487	14	10
RF03488	21	10
RF03489	22	10
RF03490	220	10
RF03491	12	10
RF03492	5	5
RF03493	25	10
RF03494	65	10
RF03495	7	7
RF03496	12	10
RF03497	6	6
RF03498	51	10
RF03499	6	6
RF03500	11	10
RF03501	23	10
RF03502	9	9
RF03503	8	8
RF03504	5	5
RF03505	12	10
RF03506	45	10
RF03507	11	10
RF03508	60	10
RF03509	29	10
RF03510	73	10
RF03511	14	10
RF03512	14	10
RF03514	4	4
RF03516	25	10
RF03517	49	10
RF03518	17	10
RF03519	7	7
RF03520	5	5
RF03521	12	10
RF03522	7	7
RF03523	34	10
RF03524	10	10
RF03525	128	10
RF03526	33	10
RF03527	6	6
RF03528	42	10
RF03530	50	10
RF03531	2914	10
RF03532	109	10
RF03533	17	10
RF03534	3	3
RF03535	10	10
RF03540	1	1
RF03545	13	10
RF03548	8	8
RF03549	2	2
RF03550	5	5
RF03552	1	1
RF03553	5	5
RF03554	3	3
RF03555	5	5
RF03556	26	10
RF03557	12	10
RF03558	48	10
RF03559	2	2
RF03560	127	10
RF03561	111	10
RF03562	3	3
RF03563	3	3
RF03564	11	10
RF03565	25	10
RF03566	11	10
RF03567	641	10
RF03568	21	10
RF03569	19	10
RF03570	11	10
RF03571	9	9
RF03572	21	10
RF03573	91	10
RF03574	5	5
RF03575	4	4
RF03576	15	10
RF03577	5657	10
RF03578	215	10
RF03579	7	7
RF03580	10	10
RF03581	3	3
RF03582	2	2
RF03583	36	10
RF03584	22	10
RF03585	55	10
RF03586	2	2
RF03587	7	7
RF03588	123	10
RF03589	5	5
RF03590	26	10
RF03591	5	5
RF03592	8	8
RF03593	3	3
RF03594	35	10
RF03595	3	3
RF03596	187	10
RF03597	9	9
RF03598	45	10
RF03599	34	10
RF03600	79	10
RF03601	52	10
RF03602	3	3
RF03603	7	7
RF03604	11	10
RF03605	3	3
RF03606	1	1
RF03607	143	10
RF03608	146	10
RF03609	5	5
RF03610	2	2
RF03611	1	1
RF03612	9	9
RF03613	123	10
RF03614	7	7
RF03615	6	6
RF03616	123	10
RF03617	16	10
RF03618	6	6
RF03619	8	8
RF03620	160	10
RF03621	3	3
RF03622	74	10
RF03623	22	10
RF03625	4235	10
RF03626	2	2
RF03627	4	4
RF03628	49	10
RF03629	124	10
RF03630	22	10
RF03631	23	10
RF03632	312	10
RF03633	177	10
RF03634	213	10
RF03635	2	2
RF03636	10	10
RF03637	59	10
RF03638	42	10
RF03639	10	10
RF03640	33	10
RF03641	6	6
RF03642	37	10
RF03643	5	5
RF03644	3	3
RF03645	10	10
RF03646	5	5
RF03647	3	3
RF03648	11	10
RF03649	33	10
RF03650	49	10
RF03651	1	1
RF03652	63	10
RF03653	86	10
RF03654	53	10
RF03655	2	2
RF03656	3	3
RF03657	42	10
RF03658	107	10
RF03659	10	10
RF03660	2	2
RF03661	8	8
RF03662	3615	10
RF03663	2	2
RF03664	333	10
RF03665	101	10
RF03666	6	6
RF03667	4	4
RF03668	280	10
RF03669	29	10
RF03670	3	3
RF03671	5	5
RF03672	24	10
RF03673	56	10
RF03674	674	10
RF03675	4	4
RF03676	141	10
RF03677	117	10
RF03678	9	9
RF03679	64	10
RF03680	7	7
RF03681	9	9
RF03682	11	10
RF03683	1	1
RF03684	40	10
RF03685	29	10
RF03686	52	10
RF03687	6	6
RF03688	3	3
RF03689	11	10
RF03690	999	10
RF03691	96	10
RF03692	50	10
RF03693	21	10
RF03694	42	10
RF03695	583	10
RF03696	3	3
RF03697	74	10
RF03698	45	10
RF03699	35	10
RF03700	153	10
RF03701	6	6
RF03702	17	10
RF03703	258	10
RF03704	53	10
RF03705	41	10
RF03706	7	7
RF03707	7	7
RF03709	30	10
RF03710	249	10
RF03711	3	3
RF03712	70	10
RF03713	14	10
RF03714	28	10
RF03715	3	3
RF03716	53	10
RF03717	121	10
RF03718	35	10
RF03719	67	10
RF03720	3	3
RF03721	14	10
RF03722	9	9
RF03723	25	10
RF03724	4	4
RF03725	2	2
RF03726	5	5
RF03727	7	7
RF03728	7	7
RF03729	30	10
RF03730	4	4
RF03731	11	10
RF03732	7	7
RF03733	2	2
RF03734	126	10
RF03735	2	2
RF03736	65	10
RF03737	2	2
RF03738	7	7
RF03739	33	10
RF03740	8	8
RF03741	42	10
RF03742	6	6
RF03743	58	10
RF03744	1	1
RF03745	2	2
RF03746	5	5
RF03747	68	10
RF03748	3	3
RF03749	919	10
RF03750	2	2
RF03751	23	10
RF03752	82	10
RF03753	6	6
RF03754	77	10
RF03755	2	2
RF03756	22	10
RF03757	85	10
RF03758	58	10
RF03759	90	10
RF03760	85	10
RF03761	1	1
RF03762	7	7
RF03763	5	5
RF03764	9	9
RF03765	10	10
RF03766	42	10
RF03767	10	10
RF03768	78	10
RF03769	161	10
RF03770	4	4
RF03771	117	10
RF03772	2	2
RF03773	3	3
RF03774	6	6
RF03775	8	8
RF03776	17	10
RF03777	151	10
RF03778	71	10
RF03779	72	10
RF03780	197	10
RF03781	87	10
RF03782	82	10
RF03783	9	9
RF03784	7	7
RF03785	4	4
RF03786	4	4
RF03787	2	2
RF03788	84	10
RF03789	374	10
RF03790	245	10
RF03791	3	3
RF03792	136	10
RF03793	3	3
RF03794	237	10
RF03795	9	9
RF03796	59	10
RF03797	1	1
RF03798	8	8
RF03799	155	10
RF03800	123	10
RF03801	3	3
RF03802	26	10
RF03803	794	10
RF03804	6	6
RF03805	1	1
RF03806	1	1
RF03807	3	3
RF03808	17	10
RF03809	11	10
RF03810	7	7
RF03811	2	2
RF03812	5	5
RF03813	181	10
RF03814	12	10
RF03815	2	2
RF03816	52	10
RF03817	4	4
RF03818	91	10
RF03819	19	10
RF03820	16	10
RF03821	1	1
RF03822	12	10
RF03823	6	6
RF03824	86	10
RF03825	5	5
RF03826	8	8
RF03827	7	7
RF03828	7	7
RF03829	18	10
RF03830	1	1
RF03831	270	10
RF03832	5	5
RF03833	1607	10
RF03834	75	10
RF03835	13	10
RF03836	7	7
RF03837	21	10
RF03838	14	10
RF03839	93	10
RF03840	52	10
RF03841	30	10
RF03842	172	10
RF03843	85	10
RF03844	514	10
RF03845	18	10
RF03846	58	10
RF03847	8	8
RF03848	2	2
RF03849	47	10
RF03850	2	2
RF03851	21	10
RF03852	20	10
RF03853	2	2
RF03854	3	3
RF03855	13	10
RF03856	5	5
RF03857	21	10
RF03858	8	8
RF03859	14	10
RF03860	869	10
RF03861	31	10
RF03862	18	10
RF03863	41	10
RF03864	4	4
RF03865	2	2
RF03866	3	3
RF03867	2	2
RF03868	2	2
RF03869	150	10
RF03870	14	10
RF03871	74	10
RF03872	583	10
RF03873	15	10
RF03874	9078	10
RF03875	242	10
RF03876	17	10
RF03877	44	10
RF03878	1	1
RF03879	59	10
RF03880	83	10
RF03881	5	5
RF03882	7	7
RF03883	18569	10
RF03884	10	10
RF03885	2	2
RF03886	5	5
RF03887	3	3
RF03888	61	10
RF03889	167	10
RF03890	1	1
RF03891	47	10
RF03892	2	2
RF03893	2	2
RF03894	31	10
RF03895	14	10
RF03896	629	10
RF03897	3	3
RF03898	2	2
RF03899	2	2
RF03900	905	10
RF03901	2	2
RF03902	3	3
RF03903	3	3
RF03904	144	10
RF03905	3	3
RF03906	46	10
RF03907	8	8
RF03908	91	10
RF03909	2	2
RF03910	2	2
RF03911	15	10
RF03912	120	10
RF03913	6	6
RF03914	4	4
RF03915	174	10
RF03916	12	10
RF03917	17	10
RF03918	2	2
RF03919	1	1
RF03920	6	6
RF03921	14	10
RF03922	17	10
RF03923	4	4
RF03924	11	10
RF03925	6	6
RF03926	1428	10
RF03927	5	5
RF03929	4	4
RF03930	10	10
RF03931	2	2
RF03932	46	10
RF03933	11	10
RF03934	2	2
RF03935	76	10
RF03936	12	10
RF03937	42	10
RF03938	38	10
RF03939	9	9
RF03940	2833	10
RF03941	181	10
RF03942	4	4
RF03943	2	2
RF03944	11	10
RF03945	3	3
RF03946	7	7
RF03947	38	10
RF03948	1	1
RF03949	17	10
RF03950	3	3
RF03951	29	10
RF03952	353	10
RF03953	6	6
RF03954	5	5
RF03955	17	10
RF03956	151	10
RF03957	67	10
RF03958	12	10
RF03959	3	3
RF03960	23	10
RF03961	2	2
RF03962	15	10
RF03963	3	3
RF03964	94	10
RF03965	4	4
RF03966	8	8
RF03967	39	10
RF03968	2	2
RF03969	240	10
RF03970	25	10
RF03971	3	3
RF03972	45	10
RF03973	36	10
RF03974	6	6
RF03975	387	10
RF03976	8	8
RF03977	3	3
RF03978	7	7
RF03979	10	10
RF03980	26	10
RF03981	11499	10
RF03982	3	3
RF03983	152	10
RF03984	15	10
RF03985	3	3
RF03986	7	7
RF03987	9	9
RF03988	13	10
RF03989	2	2
RF03990	1	1
RF03991	208	10
RF03992	44	10
RF03993	48	10
RF03994	3	3
RF03995	8	8
RF03996	4	4
RF03997	3	3
RF03999	27	10
RF04001	14	10
RF04002	39	10
RF04003	3	3
RF04004	2	2
RF04006	10	10
RF04007	18	10
RF04008	1	1
RF04010	9	9
RF04011	24	10
RF04013	6	6
RF04014	38	10
RF04015	1	1
RF04016	3	3
RF04017	2	2
RF04018	52	10
RF04019	20	10
RF04020	1	1
RF04021	14093	10
RF04022	8	8
RF04023	1	1
RF04024	6	6
RF04025	2	2
RF04026	3	3
RF04027	22	10
RF04028	4	4
RF04029	21	10
RF04030	2	2
RF04031	2	2
RF04032	13267	10
RF04035	2	2
RF04036	31	10
RF04037	6	6
RF04038	20	10
RF04039	6	6
RF04040	3	3
RF04041	1	1
RF04042	2	2
RF04043	8	8
RF04044	16	10
RF04047	183	10
RF04048	6	6
RF04049	9	9
RF04050	9	9
RF04051	864	10
RF04052	23	10
RF04053	94	10
RF04054	68	10
RF04055	3	3
RF04056	7	7
RF04057	18	10
RF04059	16	10
RF04060	5	5
RF04061	18	10
RF04062	8	8
RF04063	560	10
RF04064	161	10
RF04065	368	10
RF04066	17	10
RF04067	362	10
RF04068	31	10
RF04069	137	10
RF04070	32	10
RF04071	23	10
RF04072	99	10
RF04073	44	10
RF04074	59	10
RF04075	4	4
RF04076	41	10
RF04077	61	10
RF04078	341	10
RF04079	20	10
RF04080	43	10
RF04081	9	9
RF04082	12	10
RF04083	39	10
RF04084	10	10
RF04085	88	10
RF04087	2103	10
RF04088	32849	10
RF04089	13	10
RF04090	38	10
RF04091	50	10
RF04092	14	10
RF04093	135	10
RF04094	7	7
RF04095	16	10
RF04096	312	10
RF04097	180	10
RF04098	2	2
RF04099	60	10
RF04100	38	10
RF04101	6	6
RF04102	35	10
RF04103	2	2
RF04104	7	7
RF04105	23	10
RF04106	26	10
RF04107	3	3
RF04108	61	10
RF04109	37	10
RF04110	77	10
RF04111	250	10
RF04112	23	10
RF04113	142	10
RF04114	140	10
RF04115	12	10
RF04116	6	6
RF04117	25	10
RF04118	27	10
RF04119	191	10
RF04120	22	10
RF04121	24	10
RF04122	14	10
RF04123	27	10
RF04124	442	10
RF04125	37	10
RF04126	65	10
RF04127	110	10
RF04128	50	10
RF04129	2	2
RF04130	380	10
RF04131	2	2
RF04132	114	10
RF04133	11	10
RF04134	5032	10
RF04135	7	7
RF04136	52	10
RF04137	2	2
RF04138	51	10
RF04139	37	10
RF04140	30	10
RF04141	66	10
RF04142	87	10
RF04143	4	4
RF04144	14	10
RF04145	66	10
RF04146	14	10
RF04147	19	10
RF04148	20	10
RF04149	4	4
RF04150	571	10
RF04151	41	10
RF04152	68	10
RF04153	3	3
RF04154	115	10
RF04155	240	10
RF04156	186	10
RF04157	35	10
RF04158	68	10
RF04159	99	10
RF04160	4	4
RF04161	111	10
RF04162	9	9
RF04163	2989	10
RF04164	338	10
RF04165	36	10
RF04166	10	10
RF04167	22	10
RF04168	3	3
RF04169	15	10
RF04170	3	3
RF04171	69	10
RF04172	133	10
RF04173	24	10
RF04174	19	10
RF04175	68	10
RF04176	52	10
RF04177	24	10
RF04178	11	10
RF04179	218	10
RF04180	90	10
RF04181	28	10
RF04182	81	10
RF04183	6283	10
RF04184	541	10
RF04185	14	10
RF04186	1	1
RF04187	7	7
RF04188	60	10
RF04189	82	10
RF04192	103	10
RF04193	6	6
RF04194	34	10
RF04195	2217	10
RF04196	2	2
RF04197	77	10
RF04198	171	10
RF04199	19	10
RF04200	156	10
RF04201	785	10
RF04202	40	10
RF04203	18	10
RF04204	1075	10
RF04205	157	10
RF04206	29	10
RF04207	7	7
RF04208	20	10
RF04209	47	10
RF04210	577	10
RF04211	82	10
RF04212	169	10
RF04213	6	6
RF04214	90	10
RF04215	149	10
RF04216	242	10
RF04217	50	10
RF04218	1	1
RF04219	1	1
RF04220	1	1
RF04221	1	1
RF04222	82	10
RF04223	745	10
RF04224	18313	10
RF04225	45879	10
RF04226	144	10
RF04227	441	10
RF04228	36	10
RF04229	177	10
RF04230	229	10
RF04231	20	10
RF04232	1	1
RF04233	225	10
RF04234	99	10
RF04235	29	10
RF04236	134	10
RF04237	4	4
RF04238	2	2
RF04239	331	10
RF04240	175	10
RF04241	77	10
RF04242	92	10
RF04243	10	10
RF04244	86	10
RF04245	9	9
RF04246	8	8
RF04247	560	10
RF04248	5884	10
RF04249	58	10
RF04250	45	10
RF04251	219	10
RF04252	95	10
RF04254	56	10
RF04255	95	10
RF04257	721	10
RF04258	18	10
RF04259	1	1
RF04260	7	7
RF04261	167	10
RF04262	32	10
RF04263	714	10
RF04264	2	2
RF04265	26	10
RF04266	128	10
RF04267	44	10
RF04268	17	10
RF04269	23	10
RF04270	38	10
RF04271	110	10
RF04272	159	10
RF04273	12	10
RF04274	14162	10
RF04275	103	10
RF04276	177	10
RF04277	5	5
RF04278	6	6
RF04279	15	10
RF04280	273	10
RF04281	27	10
RF04282	164	10
RF04283	11	10
RF04284	49	10
RF04285	53	10
RF04286	203	10
RF04287	433	10
RF04288	11	10
RF04289	27	10
RF04290	41	10
RF04291	174	10
RF04292	164	10
RF04293	35	10
RF04294	55	10
RF04295	180	10
RF04296	32	10
RF04297	24	10
RF04298	16	10
RF04299	46	10
RF04300	7	7
RF04301	1	1
RF04302	23	10
RF04303	31	10
RF04305	2	2
RF04306	2	2
RF04307	1	1
RF04308	1	1
RF04309	1	1
RF04310	14	10
