family	split	n_sequences
RF00001	train	402207
RF00002	train	14790
RF00003	train	29072
RF00004	train	57873
RF00005	train	3641320
RF00006	test	2481
RF00007	train	1740
RF00008	train	609
RF00009	train	3600
RF00010	train	53192
RF00011	train	4108
RF00012	train	15207
RF00013	val	26020
RF00014	train	157
RF00015	train	24635
RF00016	train	2964
RF00017	train	327200
RF00018	train	598
RF00019	train	19972
RF00020	test	19279
RF00021	train	578
RF00022	train	628
RF00023	train	47443
RF00024	train	517
RF00025	val	22
RF00026	train	159002
RF00027	train	1985
RF00028	train	3991
RF00029	train	21839
RF00030	train	3165
RF00031	train	2319
RF00032	train	21010
RF00033	train	181
RF00034	train	319
RF00035	train	108
RF00036	train	97
RF00037	train	2283
RF00038	test	8
RF00039	val	11
RF00040	val	529
RF00041	train	59
RF00042	train	132
RF00043	train	55
RF00044	test	2
RF00045	train	2090
RF00046	train	453
RF00047	train	709
RF00048	test	54
RF00049	train	2815
RF00050	train	19839
RF00051	train	1476
RF00052	train	29
RF00053	train	1227
RF00054	train	691
RF00056	train	1518
RF00057	train	796
RF00058	train	66
RF00059	val	63358
RF00060	train	52
RF00061	train	44
RF00062	val	46
RF00063	val	41
RF00064	train	111
RF00065	train	44
RF00066	val	7033
RF00067	train	1569
RF00068	val	414
RF00069	train	2034
RF00070	train	317
RF00071	train	509
RF00072	test	349
RF00073	train	1033
RF00074	train	935
RF00075	train	2062
RF00076	train	1129
RF00077	train	43
RF00078	test	285
RF00079	train	436
RF00080	train	3133
RF00081	val	472
RF00082	train	449
RF00083	train	548
RF00084	train	229
RF00085	val	154
RF00086	train	159
RF00087	train	361
RF00088	test	242
RF00089	train	957
RF00090	train	1240
RF00091	train	1768
RF00092	train	929
RF00093	train	1661
RF00094	train	41
RF00095	train	201
RF00096	val	1386
RF00097	train	208245
RF00099	test	901
RF00100	train	46518
RF00101	train	552
RF00102	train	63
RF00103	train	1487
RF00104	train	1220
RF00105	train	2066
RF00106	train	212
RF00107	train	22
RF00108	train	1819
RF00109	val	370
RF00110	train	245
RF00111	train	584
RF00112	val	245
RF00113	val	227
RF00114	val	2587
RF00115	test	108
RF00116	train	6
RF00117	train	10
RF00119	val	9
RF00121	train	78
RF00122	val	4
RF00124	test	16
RF00125	train	6
RF00126	train	133
RF00127	test	4087
RF00128	train	557
RF00129	train	472
RF00130	train	415
RF00131	train	1401
RF00132	test	990
RF00133	train	1357
RF00134	train	643
RF00135	train	735
RF00136	train	224
RF00137	test	858
RF00138	test	999
RF00139	train	1228
RF00140	val	1349
RF00142	train	316
RF00143	train	56
RF00144	train	387
RF00145	test	454
RF00147	train	1030
RF00149	train	1688
RF00150	train	581
RF00151	train	1910
RF00153	test	522
RF00154	train	551
RF00155	val	919
RF00156	test	4241
RF00157	train	497
RF00158	train	463
RF00159	train	43
RF00160	train	1074
RF00161	train	13
RF00162	val	34685
RF00163	train	188188
RF00164	train	43
RF00165	train	68
RF00166	train	826
RF00167	val	13151
RF00168	test	15562
RF00169	train	29282
RF00170	test	85
RF00171	test	19
RF00172	test	267
RF00173	val	3
RF00174	train	83669
RF00175	test	71
RF00176	test	23
RF00177	train	39338
RF00178	train	508
RF00179	test	88
RF00180	test	59
RF00181	train	3668
RF00182	val	7
RF00183	val	94
RF00184	train	4
RF00185	train	75
RF00186	train	473
RF00187	test	253
RF00188	train	953
RF00189	train	114
RF00190	train	1126
RF00191	train	1527
RF00192	train	3
RF00193	train	9
RF00194	train	35
RF00195	train	619
RF00196	test	4
RF00198	test	185
RF00199	val	515
RF00200	train	644
RF00201	test	911
RF00202	train	398
RF00203	train	606
RF00204	train	713
RF00205	train	375
RF00206	train	486
RF00207	train	16
RF00208	train	36
RF00209	train	25
RF00210	train	104
RF00211	train	1461
RF00212	train	839
RF00213	train	1777
RF00214	test	103
RF00215	test	30
RF00216	train	139
RF00217	train	284
RF00218	test	553
RF00220	train	9
RF00221	train	175
RF00222	val	241
RF00223	val	223
RF00224	train	90
RF00225	test	7
RF00226	val	226
RF00227	val	20
RF00228	test	20
RF00229	train	100
RF00230	train	134648
RF00231	train	674
RF00232	test	98
RF00233	test	60
RF00234	train	4204
RF00235	val	5
RF00236	train	52
RF00237	train	1266
RF00238	train	108
RF00239	train	519
RF00240	train	68
RF00241	train	1145
RF00242	val	46
RF00243	train	9
RF00244	train	1089
RF00245	train	751
RF00246	train	640
RF00247	train	954
RF00248	train	391
RF00249	train	241
RF00250	train	64
RF00251	train	602
RF00252	train	19
RF00253	train	194
RF00254	train	2576
RF00255	train	246
RF00256	train	533
RF00257	train	487
RF00258	train	1117
RF00259	val	114
RF00260	train	56
RF00261	train	109
RF00262	train	32
RF00263	train	793
RF00264	val	598
RF00265	train	702
RF00266	train	502
RF00267	train	579
RF00268	train	43
RF00270	train	712
RF00271	train	652
RF00272	test	487
RF00273	train	875
RF00274	train	504
RF00275	val	551
RF00276	train	229
RF00277	train	700
RF00278	train	986
RF00279	train	1068
RF00280	train	346
RF00281	train	554
RF00282	val	108
RF00283	train	281
RF00284	train	630
RF00285	val	162
RF00286	val	755
RF00287	val	143
RF00288	train	551
RF00289	train	314
RF00290	val	2
RF00291	val	67
RF00292	test	22
RF00293	val	8
RF00294	test	21
RF00295	train	25
RF00296	train	634
RF00300	train	435
RF00301	val	52
RF00302	test	895
RF00303	test	772
RF00304	test	738
RF00305	val	18
RF00306	train	4
RF00307	val	179
RF00309	train	2850
RF00310	val	10
RF00311	test	74
RF00312	train	43
RF00313	test	16
RF00314	train	13
RF00315	val	561
RF00316	train	11
RF00317	train	35
RF00318	train	7
RF00319	train	970
RF00320	test	12
RF00321	test	5903
RF00322	train	1732
RF00323	test	3
RF00324	train	618
RF00325	train	1434
RF00326	val	328
RF00327	val	44
RF00328	train	460
RF00329	test	104
RF00330	train	624
RF00331	train	9
RF00332	train	600
RF00333	train	617
RF00334	train	1728
RF00335	train	976
RF00336	test	23
RF00337	val	357
RF00338	test	5
RF00339	train	800
RF00340	val	977
RF00341	test	512
RF00342	train	312
RF00343	train	666
RF00344	train	402
RF00345	train	562
RF00348	test	91
RF00349	test	602
RF00350	val	494
RF00351	val	66
RF00352	train	340
RF00353	train	412
RF00355	test	222
RF00356	train	181
RF00357	train	894
RF00358	train	823
RF00359	train	1014
RF00360	val	573
RF00361	train	63
RF00362	train	16
RF00363	train	2
RF00364	train	8
RF00365	train	3
RF00366	train	6
RF00367	train	1
RF00368	test	231
RF00369	train	245
RF00370	train	157
RF00371	val	71
RF00372	train	79
RF00373	train	2339
RF00374	test	44
RF00375	train	144
RF00376	val	112
RF00377	train	635
RF00378	train	558
RF00379	val	21687
RF00380	val	4944
RF00381	train	295
RF00382	val	295
RF00383	test	196
RF00384	test	11
RF00385	train	19
RF00386	val	155
RF00387	val	103
RF00388	train	7
RF00389	test	41
RF00390	val	4
RF00391	train	2432
RF00392	train	2015
RF00393	test	1221
RF00394	val	242
RF00396	train	915
RF00397	train	720
RF00398	train	860
RF00399	train	638
RF00400	train	715
RF00401	train	348
RF00402	val	845
RF00403	test	557
RF00404	train	499
RF00405	train	903
RF00406	train	1334
RF00407	train	449
RF00408	val	1079
RF00409	train	6169
RF00410	train	2331
RF00411	train	998
RF00412	train	597
RF00413	train	924
RF00414	train	648
RF00415	train	327
RF00416	train	417
RF00417	train	121
RF00418	train	391
RF00419	train	535
RF00420	test	726
RF00421	test	528
RF00422	train	437
RF00423	train	551
RF00424	test	679
RF00425	train	1356
RF00426	train	483
RF00427	test	354
RF00428	train	532
RF00429	train	793
RF00430	train	1010
RF00431	train	1241
RF00432	train	1897
RF00433	train	12
RF00434	test	28
RF00435	train	1105
RF00436	train	147100
RF00437	val	12
RF00438	train	1061
RF00439	train	352
RF00440	train	391
RF00441	val	16
RF00442	val	5623
RF00443	train	619
RF00444	train	1135
RF00445	train	1678
RF00446	train	532
RF00447	train	93
RF00448	test	8
RF00449	test	112
RF00451	train	2112
RF00452	train	1237
RF00453	val	5
RF00454	val	55
RF00455	train	757
RF00456	train	1078
RF00457	test	93
RF00458	train	17
RF00459	test	2777
RF00460	test	344
RF00461	val	88
RF00462	val	11
RF00463	test	18
RF00464	train	450
RF00467	train	68
RF00468	train	55
RF00470	test	29
RF00471	train	69
RF00472	train	76
RF00473	train	83
RF00474	val	65
RF00475	train	119
RF00476	train	1083
RF00477	train	25
RF00478	train	1250
RF00479	train	69
RF00480	val	169
RF00481	train	11
RF00482	train	268
RF00483	val	70
RF00484	test	66
RF00485	train	10047
RF00486	train	490
RF00487	val	509
RF00488	train	30
RF00489	train	571
RF00490	val	986
RF00492	train	223
RF00493	train	386
RF00494	train	769
RF00495	test	65
RF00498	train	3
RF00499	train	5
RF00500	val	3
RF00501	train	12
RF00502	train	3
RF00503	train	27
RF00504	test	25727
RF00505	val	26
RF00506	train	800
RF00507	val	78
RF00509	train	40
RF00510	train	27
RF00511	train	4
RF00512	train	535
RF00513	train	684
RF00514	train	1064
RF00515	train	2296
RF00516	train	966
RF00517	val	2157
RF00518	val	1070
RF00519	train	6325
RF00520	test	197
RF00521	train	4732
RF00522	test	1444
RF00523	train	357
RF00524	val	2389
RF00525	train	104
RF00526	train	41
RF00527	train	40
RF00528	val	84
RF00529	val	77
RF00530	train	64
RF00531	val	35
RF00532	train	92
RF00533	test	38
RF00534	train	238
RF00535	train	87
RF00536	test	43
RF00537	test	46
RF00538	test	54
RF00539	train	21
RF00540	train	63
RF00541	test	16
RF00542	train	78
RF00543	train	108
RF00544	train	49
RF00545	train	109
RF00546	train	82
RF00547	train	128
RF00548	train	2326
RF00549	test	120
RF00550	test	46
RF00551	train	29
RF00552	train	165
RF00553	train	604
RF00554	train	1845
RF00555	train	425
RF00556	val	390
RF00557	train	7790
RF00558	train	4853
RF00559	test	2354
RF00560	train	5140
RF00561	train	2181
RF00562	train	586
RF00563	train	986
RF00564	train	710
RF00565	train	564
RF00566	train	736
RF00567	train	873
RF00568	train	1581
RF00569	train	981
RF00570	train	88
RF00571	train	717
RF00572	train	855
RF00573	val	549
RF00574	train	372
RF00575	train	697
RF00576	train	320
RF00577	train	574
RF00578	train	457
RF00579	train	389
RF00580	train	582
RF00581	train	1623
RF00582	test	702
RF00584	val	98
RF00586	val	486
RF00588	train	469
RF00591	train	284
RF00592	train	276
RF00593	train	630
RF00594	train	167
RF00598	train	721
RF00599	val	687
RF00600	train	768
RF00601	train	638
RF00602	train	234
RF00603	val	121
RF00604	train	853
RF00606	train	314
RF00607	train	242
RF00608	train	429
RF00609	train	553
RF00610	train	84
RF00611	train	642
RF00612	train	478
RF00613	train	644
RF00614	test	1555
RF00615	train	31
RF00616	test	148
RF00617	val	57
RF00618	train	1454
RF00619	val	7529
RF00620	test	51
RF00621	test	70
RF00622	val	5240
RF00623	train	644
RF00624	train	667
RF00625	train	510
RF00626	train	2
RF00627	train	550
RF00628	val	804
RF00629	train	761
RF00630	test	854
RF00632	train	3
RF00634	val	5963
RF00635	test	126
RF00636	test	492
RF00637	train	160
RF00638	train	2127
RF00639	train	704
RF00640	train	100
RF00641	train	850
RF00642	train	505
RF00643	train	1853
RF00644	train	671
RF00645	train	3454
RF00646	train	545
RF00647	train	152
RF00648	train	613
RF00649	train	352
RF00650	train	252
RF00651	train	704
RF00652	test	977
RF00653	train	296
RF00654	train	622
RF00655	train	93
RF00656	train	544
RF00657	train	555
RF00658	train	160
RF00659	train	159
RF00660	train	150
RF00661	train	363
RF00662	train	375
RF00663	train	115
RF00664	train	315
RF00665	train	393
RF00666	train	66
RF00667	train	633
RF00668	train	798
RF00669	train	269
RF00670	train	89
RF00671	train	345
RF00672	train	557
RF00673	train	263
RF00674	train	174
RF00675	train	233
RF00676	train	10
RF00677	train	449
RF00678	train	89
RF00679	train	354
RF00680	train	54
RF00681	train	12
RF00682	train	264
RF00683	train	130
RF00684	train	194
RF00685	train	169
RF00686	train	399
RF00687	train	13
RF00688	train	480
RF00689	train	491
RF00690	train	446
RF00691	train	684
RF00692	train	339
RF00693	train	348
RF00694	train	218
RF00695	train	494
RF00696	train	340
RF00697	train	43
RF00698	train	152
RF00699	train	39
RF00700	train	220
RF00701	train	301
RF00702	train	195
RF00703	train	193
RF00704	train	316
RF00705	train	281
RF00706	train	334
RF00707	train	34
RF00708	train	171
RF00709	train	77
RF00710	train	58
RF00712	train	439
RF00713	train	49
RF00714	train	254
RF00715	train	99
RF00716	train	45
RF00717	train	101
RF00718	train	27
RF00719	train	61
RF00720	train	108
RF00721	train	35
RF00722	train	338
RF00723	train	76
RF00724	train	102
RF00725	train	61
RF00726	train	331
RF00727	train	142
RF00728	train	54
RF00729	train	103
RF00730	train	116
RF00731	train	226
RF00732	train	95
RF00733	train	61
RF00734	train	7
RF00735	train	233
RF00736	train	447
RF00737	train	69
RF00739	train	20
RF00740	train	38
RF00741	train	11
RF00742	train	215
RF00743	train	48
RF00744	train	42
RF00745	train	210
RF00746	train	248
RF00747	train	78
RF00748	train	34
RF00749	train	214
RF00750	train	375
RF00751	train	80
RF00752	train	115
RF00753	train	68
RF00754	train	350
RF00755	train	38
RF00756	train	106
RF00757	train	104
RF00758	train	46
RF00760	train	62
RF00761	train	47
RF00762	train	54
RF00763	train	73
RF00764	train	202
RF00765	train	41
RF00766	train	91
RF00767	train	104
RF00768	train	135
RF00769	train	18
RF00770	train	33
RF00771	train	44
RF00772	train	57
RF00773	train	22
RF00774	train	8
RF00775	train	37
RF00776	train	4
RF00777	train	80
RF00778	train	148
RF00779	train	72
RF00780	train	54
RF00781	train	33
RF00782	test	2984
RF00783	train	72
RF00784	train	97
RF00785	train	11
RF00786	train	9
RF00787	train	17
RF00788	train	17
RF00789	train	35
RF00790	train	7
RF00791	train	7
RF00792	train	130
RF00793	train	24
RF00794	train	12
RF00795	train	8
RF00796	train	8
RF00797	train	6
RF00798	train	10
RF00799	train	7
RF00801	train	11
RF00802	train	8
RF00803	train	183
RF00804	train	12
RF00805	train	3
RF00806	train	71
RF00807	test	17
RF00808	train	43
RF00809	train	8
RF00810	train	15
RF00811	train	26
RF00812	train	42
RF00813	train	116
RF00814	train	30
RF00815	train	11
RF00816	train	6
RF00817	train	7
RF00818	train	16
RF00819	train	7
RF00820	train	5
RF00821	train	11
RF00822	train	46
RF00823	train	4
RF00824	train	48
RF00825	train	294
RF00826	train	9
RF00827	train	14
RF00828	train	11
RF00829	train	70
RF00830	train	23
RF00831	train	8
RF00832	train	291
RF00833	train	8
RF00834	train	12
RF00835	train	8
RF00836	train	22
RF00837	train	13
RF00838	train	330
RF00839	train	60
RF00840	train	82
RF00841	train	45
RF00842	train	169
RF00843	train	28
RF00844	train	154
RF00845	train	38
RF00846	train	53
RF00847	train	8
RF00848	train	32
RF00849	train	11
RF00850	train	7
RF00851	train	5
RF00852	train	11
RF00853	train	12
RF00854	train	20
RF00855	train	11
RF00856	train	11
RF00857	train	6
RF00858	train	77
RF00859	train	39
RF00861	train	41
RF00862	train	40
RF00863	train	3
RF00864	train	2
RF00865	train	2327
RF00866	train	5
RF00867	train	6
RF00868	train	7
RF00869	train	3
RF00870	train	9
RF00872	train	38
RF00873	train	157
RF00874	train	4
RF00875	train	23
RF00876	train	31
RF00877	train	48
RF00878	train	85
RF00879	train	34
RF00883	train	28
RF00884	train	9
RF00885	train	824
RF00886	train	667
RF00887	train	84
RF00888	train	13
RF00890	train	17
RF00891	train	24
RF00892	train	597
RF00893	train	156
RF00894	train	9
RF00895	train	12
RF00896	train	4
RF00897	train	35
RF00898	train	15
RF00899	train	7
RF00900	train	26
RF00901	train	29
RF00902	train	6
RF00903	train	5
RF00904	train	10
RF00905	train	13
RF00906	train	5548
RF00907	train	5
RF00908	train	84
RF00909	train	17
RF00910	train	46
RF00911	train	23
RF00912	train	129
RF00914	train	14
RF00915	train	23
RF00917	train	37
RF00918	train	26
RF00919	train	17
RF00920	train	19
RF00921	train	65
RF00922	train	8
RF00925	train	8
RF00926	train	19
RF00927	train	54
RF00928	train	112
RF00929	train	4523
RF00931	train	18
RF00932	train	6
RF00933	train	106
RF00934	train	3
RF00935	train	51
RF00936	train	32
RF00937	train	61
RF00939	train	46
RF00940	test	4
RF00941	train	5
RF00942	train	24
RF00943	train	36
RF00945	train	3
RF00946	train	51
RF00947	train	87
RF00948	train	53
RF00949	train	3
RF00950	train	131
RF00951	train	9520
RF00952	train	89
RF00953	train	2
RF00954	train	36
RF00956	train	47
RF00957	test	54
RF00958	train	11
RF00959	train	7
RF00960	train	12
RF00961	train	64
RF00962	train	26
RF00963	train	51
RF00964	train	20
RF00965	train	40
RF00966	train	68
RF00967	train	3
RF00968	train	15
RF00969	train	22
RF00970	train	17
RF00971	train	10
RF00972	train	18
RF00973	train	12
RF00974	train	38
RF00975	train	179
RF00976	train	27
RF00977	train	9
RF00978	train	15
RF00979	train	13
RF00980	train	25
RF00981	train	17
RF00983	train	13
RF00984	train	34
RF00985	train	9
RF00986	val	18
RF00987	train	36
RF00988	train	15
RF00989	train	101
RF00990	train	13
RF00991	train	68
RF00992	train	12
RF00993	train	2
RF00994	train	99
RF00995	train	55
RF00996	train	59
RF00997	train	21
RF00998	train	11
RF00999	test	5
RF01000	train	12
RF01001	train	27
RF01002	train	8
RF01003	train	10
RF01004	train	7
RF01005	train	115
RF01006	train	5
RF01007	train	18
RF01008	train	8
RF01009	train	3
RF01010	train	84
RF01011	train	26
RF01012	train	25
RF01013	train	39
RF01014	train	50
RF01015	train	86
RF01016	train	70
RF01018	train	10
RF01019	train	11
RF01020	train	20
RF01021	train	14
RF01022	train	7
RF01023	train	8
RF01024	train	31
RF01025	train	15
RF01026	train	171
RF01027	train	14
RF01028	train	35
RF01029	train	9
RF01030	train	10
RF01031	train	13
RF01032	test	11
RF01033	train	40
RF01034	train	11
RF01035	train	4
RF01036	train	7
RF01037	train	3
RF01038	train	20
RF01039	train	13
RF01040	train	11
RF01041	train	19
RF01042	train	16
RF01043	train	21
RF01044	train	92
RF01045	train	7352
RF01046	train	11
RF01047	train	19
RF01050	train	13
RF01051	test	22210
RF01052	train	214
RF01053	test	2
RF01054	val	290
RF01055	test	4355
RF01056	val	173
RF01057	test	4964
RF01059	train	55
RF01061	train	1552
RF01064	train	12
RF01065	train	443
RF01066	train	844
RF01067	val	300
RF01068	val	1759
RF01069	train	472
RF01070	val	1132
RF01071	train	3050
RF01072	train	37
RF01073	test	1356
RF01074	val	20
RF01075	val	2
RF01076	test	3
RF01077	train	4
RF01078	val	4
RF01079	val	2
RF01080	train	4
RF01081	val	3
RF01082	train	4
RF01084	train	18
RF01085	train	2
RF01087	train	7
RF01088	test	3
RF01089	train	135
RF01090	test	33
RF01091	val	8
RF01092	test	1
RF01093	train	286
RF01094	test	2
RF01095	val	2
RF01096	test	2
RF01097	test	1799
RF01098	test	4
RF01099	val	47
RF01100	val	1
RF01101	val	3
RF01102	val	2
RF01103	test	2
RF01104	val	4
RF01105	test	1
RF01106	val	2
RF01107	val	1
RF01108	test	1
RF01113	test	3
RF01116	test	550
RF01117	train	4
RF01119	train	4
RF01120	train	14
RF01121	train	4
RF01122	train	7
RF01123	train	3
RF01124	train	6
RF01125	train	4
RF01126	train	19
RF01127	train	4
RF01128	train	7
RF01129	train	3
RF01130	train	41
RF01131	train	11
RF01132	train	3
RF01133	train	58
RF01134	train	11
RF01135	train	13
RF01136	train	9
RF01137	train	2
RF01138	train	8
RF01139	train	19
RF01140	train	34
RF01141	train	5
RF01142	train	4
RF01143	val	1
RF01144	train	16
RF01145	train	18
RF01146	test	2
RF01147	train	6
RF01149	train	4
RF01150	train	11
RF01151	test	95
RF01152	train	20
RF01153	train	13
RF01155	test	357
RF01156	train	210
RF01157	train	9
RF01158	val	41
RF01159	train	89
RF01160	val	20
RF01161	test	300
RF01162	val	22
RF01163	test	227
RF01164	train	83
RF01165	train	9
RF01166	train	26
RF01167	test	9
RF01168	train	120
RF01169	train	113
RF01170	train	310
RF01171	train	3
RF01172	train	9
RF01173	val	110
RF01174	test	109
RF01175	train	16
RF01176	train	38
RF01177	train	84
RF01178	train	449
RF01179	train	227
RF01180	test	36
RF01181	train	89
RF01182	train	350
RF01183	train	100
RF01184	val	70
RF01185	train	870
RF01186	train	334
RF01188	train	165
RF01189	train	8
RF01190	val	7
RF01191	train	673
RF01192	train	539
RF01193	test	359
RF01194	train	28
RF01195	train	31
RF01196	val	17
RF01197	val	63
RF01198	train	706
RF01199	val	5
RF01200	train	374
RF01201	train	72
RF01202	train	13
RF01203	train	106
RF01204	train	29
RF01205	test	5
RF01206	test	538
RF01207	train	375
RF01208	train	567
RF01209	train	91
RF01210	test	13452
RF01211	train	142
RF01212	val	61
RF01213	val	646
RF01214	train	200
RF01215	val	704
RF01216	test	45
RF01218	train	83
RF01219	test	1696
RF01220	test	459
RF01221	train	18
RF01222	train	8
RF01223	val	54
RF01224	val	591
RF01225	train	7198
RF01226	train	16
RF01227	test	832
RF01228	test	421
RF01229	val	653
RF01230	train	548
RF01231	train	1206
RF01232	test	19
RF01233	train	1164
RF01234	train	621
RF01235	val	5
RF01236	val	355
RF01237	test	31
RF01238	train	26
RF01239	train	62
RF01240	test	34
RF01241	train	1015
RF01242	train	600
RF01243	val	13
RF01244	val	33
RF01245	test	9
RF01246	test	6
RF01247	test	151
RF01248	test	87
RF01249	train	41
RF01250	val	23
RF01251	train	70
RF01252	test	79
RF01253	train	69
RF01254	test	42
RF01255	train	75
RF01256	train	88
RF01257	train	37
RF01258	train	91
RF01259	train	26
RF01260	test	27
RF01261	train	26
RF01262	train	513
RF01263	train	453
RF01264	train	16
RF01265	train	43
RF01266	val	27
RF01267	train	58
RF01268	train	594
RF01269	test	389
RF01270	train	7
RF01271	train	27
RF01272	train	9
RF01273	train	14
RF01274	train	51
RF01275	train	28
RF01276	train	4
RF01277	train	482
RF01278	train	223
RF01279	train	403
RF01280	train	486
RF01281	val	449
RF01283	train	260
RF01284	train	777
RF01285	train	991
RF01286	train	453
RF01287	train	523
RF01288	train	387
RF01289	train	22
RF01290	train	375
RF01291	val	559
RF01292	train	765
RF01293	val	45
RF01294	train	225
RF01295	train	549
RF01296	train	983
RF01297	train	2
RF01298	train	8
RF01299	train	658
RF01300	val	248
RF01301	train	40
RF01302	test	672
RF01303	train	9
RF01304	train	67
RF01305	train	25
RF01306	train	5
RF01307	train	31
RF01308	train	37
RF01309	train	50
RF01310	train	6
RF01312	train	7
RF01313	train	25
RF01314	train	14
RF01315	test	464
RF01316	test	125
RF01317	val	899
RF01318	train	351
RF01319	test	57
RF01320	test	159
RF01321	train	9
RF01322	val	107
RF01323	train	22
RF01324	val	9
RF01325	val	83
RF01326	val	19
RF01327	test	13
RF01328	train	3
RF01329	val	129
RF01330	val	313
RF01331	train	3
RF01332	test	9
RF01333	val	14
RF01334	train	12
RF01335	val	107
RF01336	val	61
RF01337	test	101
RF01338	train	17
RF01339	test	115
RF01340	val	137
RF01341	test	4
RF01342	train	2
RF01343	val	207
RF01344	val	38
RF01345	train	12
RF01346	train	5
RF01347	train	36
RF01348	test	5
RF01349	test	3
RF01350	val	2
RF01351	val	4
RF01352	test	54
RF01353	test	13
RF01354	val	6
RF01355	test	5
RF01356	train	38
RF01357	train	14
RF01358	val	13
RF01359	train	2
RF01360	test	4
RF01361	val	3
RF01362	train	54
RF01363	train	39
RF01364	test	2
RF01365	test	1
RF01366	test	6
RF01367	train	11
RF01368	val	2
RF01369	train	12
RF01370	train	36
RF01371	test	12
RF01373	train	8
RF01374	val	5
RF01375	val	1
RF01376	train	24
RF01377	test	1
RF01378	test	2
RF01379	train	6
RF01381	test	20
RF01383	val	66
RF01384	train	4
RF01385	test	159
RF01386	train	12
RF01387	train	66
RF01388	train	7
RF01389	val	11
RF01390	train	139
RF01391	train	9
RF01392	test	18
RF01393	train	37
RF01394	train	1937
RF01395	train	108
RF01396	test	547
RF01397	train	17
RF01398	test	8
RF01399	test	11
RF01400	train	147
RF01401	val	27
RF01402	train	14
RF01403	val	4
RF01404	test	2
RF01405	train	1042
RF01406	test	14
RF01407	train	74
RF01408	train	171
RF01409	train	31
RF01410	test	1334
RF01411	test	591
RF01412	train	1761
RF01413	train	3329
RF01414	test	131
RF01415	val	21
RF01416	train	30
RF01417	train	187
RF01418	train	59
RF01419	val	4270
RF01420	train	349
RF01421	val	1438
RF01422	train	269
RF01423	train	318
RF01424	train	497
RF01425	val	15
RF01426	train	322
RF01427	val	234
RF01428	train	528
RF01429	train	67
RF01430	train	657
RF01431	train	688
RF01432	train	569
RF01433	val	692
RF01434	train	3
RF01435	train	4
RF01436	train	3
RF01437	train	3
RF01438	train	74
RF01439	train	3
RF01440	test	3
RF01441	train	2
RF01442	val	3
RF01443	train	3
RF01444	train	3
RF01445	train	3
RF01446	val	2
RF01447	train	3
RF01448	test	2
RF01449	train	3
RF01450	train	2
RF01451	test	1
RF01452	test	5
RF01453	test	3
RF01454	test	3
RF01455	val	131
RF01456	train	122
RF01457	train	22
RF01458	val	96
RF01459	train	10
RF01460	train	14
RF01461	train	6
RF01462	test	7
RF01463	val	5
RF01464	train	25
RF01465	train	3
RF01466	val	7
RF01467	val	8
RF01468	train	12
RF01469	train	9
RF01470	train	261
RF01471	test	47
RF01472	train	14
RF01473	train	23
RF01474	train	14
RF01475	test	15
RF01476	train	12
RF01477	train	5
RF01478	train	17
RF01479	train	11
RF01480	train	4
RF01481	train	16
RF01482	train	1198
RF01483	test	5
RF01484	test	4
RF01485	train	37
RF01486	val	8
RF01487	train	25
RF01488	val	6
RF01489	train	127
RF01490	train	9
RF01491	train	19
RF01492	val	758
RF01493	val	5
RF01494	train	186
RF01495	train	91
RF01496	train	566
RF01497	train	5868
RF01498	train	468
RF01499	train	126
RF01500	val	232
RF01501	val	130
RF01502	train	732
RF01503	train	15
RF01504	train	177
RF01505	train	454
RF01506	train	353
RF01507	test	317
RF01508	test	8
RF01509	train	485
RF01510	val	54
RF01511	train	518
RF01512	train	625
RF01513	train	504
RF01514	train	515
RF01515	test	516
RF01516	val	2
RF01517	test	154
RF01518	val	202
RF01519	test	50
RF01520	test	6
RF01521	test	67
RF01522	val	36
RF01523	val	14
RF01524	test	17
RF01525	val	20
RF01526	train	9
RF01527	train	100
RF01528	train	45
RF01529	val	176
RF01530	train	94
RF01531	val	16
RF01532	test	17
RF01533	train	14
RF01534	train	6
RF01535	val	13
RF01536	val	19
RF01537	train	16
RF01538	test	20
RF01539	train	40
RF01540	test	26
RF01541	val	30
RF01542	test	14
RF01543	train	28
RF01544	train	12
RF01545	train	7
RF01546	train	39
RF01547	train	35
RF01548	test	28
RF01549	test	22
RF01550	val	20
RF01551	val	6
RF01552	val	18
RF01553	val	15
RF01554	test	23
RF01555	val	17
RF01556	train	14
RF01557	val	14
RF01558	test	15
RF01559	train	2
RF01560	test	6
RF01561	train	6
RF01562	val	1
RF01563	train	3
RF01564	test	1
RF01565	train	2
RF01566	train	5
RF01567	val	1
RF01568	test	2
RF01569	train	3
RF01570	train	4
RF01572	val	2
RF01573	test	2
RF01574	train	2
RF01575	val	2
RF01576	test	1
RF01577	train	20
RF01578	train	12
RF01579	train	12
RF01580	train	4
RF01581	train	72
RF01582	train	27
RF01583	train	11
RF01584	train	5
RF01585	test	14
RF01586	train	12
RF01587	train	11
RF01588	train	32
RF01589	train	2
RF01590	train	5
RF01591	train	13
RF01592	train	16
RF01593	val	14
RF01594	val	13
RF01595	test	13
RF01596	train	19
RF01597	test	17
RF01598	train	15
RF01599	train	11
RF01600	train	15
RF01601	val	15
RF01602	train	14
RF01603	val	11
RF01604	train	11
RF01605	train	14
RF01606	train	9
RF01607	train	20
RF01608	train	11
RF01609	val	9
RF01610	test	20
RF01611	train	21
RF01612	train	12
RF01613	train	24
RF01614	test	10
RF01615	train	49
RF01617	val	13
RF01618	train	18
RF01619	train	8
RF01620	test	18
RF01621	val	8
RF01622	train	21
RF01623	train	19
RF01624	test	11
RF01625	train	10
RF01626	train	9
RF01627	test	27
RF01628	test	8
RF01629	train	85
RF01630	test	35
RF01631	train	13
RF01632	train	9
RF01633	train	12
RF01634	train	10
RF01635	train	12
RF01636	val	8
RF01637	test	58
RF01638	train	12
RF01639	train	10
RF01640	train	10
RF01641	train	10
RF01642	val	12
RF01643	val	10
RF01644	train	13
RF01645	train	22
RF01646	train	8
RF01647	train	8
RF01648	train	9
RF01649	test	9
RF01650	val	1
RF01651	test	10
RF01652	train	19
RF01653	train	19
RF01654	train	21
RF01655	test	22
RF01656	train	462
RF01658	train	12
RF01659	test	9
RF01660	train	93
RF01661	train	21
RF01662	train	9
RF01663	train	9
RF01664	train	19
RF01665	test	2
RF01666	train	10
RF01667	train	13
RF01668	test	705
RF01669	test	564
RF01670	train	67
RF01671	test	25
RF01672	val	2
RF01673	train	845
RF01674	train	626
RF01675	train	1602
RF01676	val	188
RF01677	train	2
RF01678	train	5
RF01679	train	90
RF01680	test	2
RF01681	train	12
RF01682	val	2
RF01683	train	5
RF01684	train	1055
RF01685	val	1361
RF01686	test	52
RF01687	train	15136
RF01688	train	2995
RF01689	train	1217
RF01690	test	12943
RF01691	test	237
RF01692	test	662
RF01693	val	1841
RF01694	train	117
RF01695	train	11991
RF01696	train	100
RF01697	test	142
RF01698	train	5
RF01699	train	7967
RF01700	train	158
RF01701	test	1406
RF01702	train	105
RF01703	train	5
RF01704	train	1012
RF01705	train	29434
RF01706	test	7139
RF01707	val	544
RF01708	val	378
RF01709	val	109
RF01710	val	49
RF01711	test	62
RF01712	val	85
RF01713	val	40
RF01714	val	3
RF01715	train	26
RF01716	test	37
RF01717	val	373
RF01718	val	65
RF01719	train	470
RF01720	val	344
RF01721	test	677
RF01722	val	8
RF01723	train	146
RF01724	test	92
RF01725	val	2459
RF01726	train	4467
RF01727	val	966
RF01728	val	480
RF01729	train	39
RF01730	train	18
RF01731	train	6469
RF01732	val	266
RF01733	test	109
RF01734	train	10617
RF01735	val	1320
RF01736	val	359
RF01737	test	14
RF01738	train	388
RF01739	train	1613
RF01740	train	628
RF01742	train	27
RF01743	val	26
RF01744	test	81
RF01745	val	185
RF01746	train	2481
RF01747	test	2680
RF01748	val	181
RF01749	test	1708
RF01750	test	10393
RF01751	train	127
RF01752	train	160
RF01753	val	50
RF01754	test	1394
RF01755	val	672
RF01756	train	453
RF01757	train	81
RF01758	train	628
RF01759	val	259
RF01760	train	588
RF01761	test	156
RF01762	train	367
RF01763	train	2832
RF01764	val	2025
RF01765	train	5
RF01766	train	5780
RF01767	test	479
RF01768	train	6
RF01769	train	458
RF01770	train	773
RF01771	test	175
RF01772	train	415
RF01773	train	390
RF01774	train	19
RF01775	val	57
RF01776	train	416
RF01778	test	289
RF01779	test	2
RF01780	val	9
RF01781	val	1171
RF01782	test	24531
RF01783	val	2
RF01784	test	168
RF01785	test	7
RF01786	test	3655
RF01787	train	6044
RF01788	train	427
RF01789	train	5
RF01790	train	8
RF01791	train	478
RF01792	test	5
RF01793	test	2083
RF01794	train	1087
RF01795	test	33
RF01796	train	312
RF01797	val	249
RF01798	train	1
RF01800	train	5
RF01802	val	6
RF01803	val	1565
RF01804	train	12
RF01807	test	13
RF01808	train	152
RF01809	train	480
RF01810	val	44
RF01811	train	70
RF01812	train	63
RF01813	train	80
RF01814	test	497
RF01815	train	244
RF01816	train	49
RF01817	test	2
RF01818	train	6
RF01819	test	50
RF01820	train	606
RF01821	val	53
RF01822	train	4
RF01823	train	394
RF01824	train	8
RF01825	train	7
RF01826	test	483
RF01827	test	398
RF01828	train	4
RF01829	train	1
RF01830	test	650
RF01831	train	6725
RF01832	test	253
RF01833	val	5
RF01834	test	5
RF01835	train	21
RF01836	train	8
RF01837	train	4
RF01838	val	4
RF01839	val	5
RF01840	test	16
RF01841	val	9
RF01842	test	15
RF01843	test	3
RF01844	val	368
RF01845	train	330
RF01846	train	1270
RF01847	train	3421
RF01848	train	1689
RF01849	train	6635
RF01850	train	223
RF01851	train	409
RF01852	train	16790
RF01853	train	579
RF01854	train	10937
RF01855	train	4572
RF01856	train	108
RF01857	train	2483
RF01858	train	5
RF01859	train	1467
RF01860	train	455
RF01861	train	19
RF01862	train	11
RF01863	train	1
RF01864	train	11
RF01865	test	4
RF01866	train	9
RF01867	train	864
RF01871	val	91
RF01872	val	92
RF01873	train	87
RF01874	val	82
RF01875	test	100
RF01876	test	69
RF01877	test	125
RF01879	val	115
RF01880	test	76
RF01881	train	83
RF01882	val	127
RF01883	test	97
RF01884	val	520
RF01885	val	14
RF01886	val	16
RF01887	val	98
RF01888	val	104
RF01889	test	8
RF01890	val	2
RF01891	test	139
RF01892	test	123
RF01894	val	489
RF01895	train	299
RF01896	train	139
RF01897	train	104
RF01898	train	161
RF01899	train	7
RF01900	train	9
RF01901	train	19
RF01902	train	31
RF01903	train	211
RF01904	test	36
RF01905	val	78
RF01906	val	87
RF01909	val	109
RF01910	train	42
RF01911	train	1906
RF01912	train	3733
RF01913	train	40
RF01914	train	107
RF01915	train	25
RF01916	train	26
RF01917	train	236
RF01918	train	28
RF01919	train	19
RF01920	train	69
RF01921	train	26
RF01922	train	63
RF01923	train	73
RF01924	train	2853
RF01925	train	66
RF01926	train	158
RF01927	train	8
RF01928	test	104
RF01929	val	10
RF01930	val	11
RF01931	val	17
RF01932	test	16
RF01933	val	13
RF01934	test	14
RF01935	val	5
RF01936	train	23
RF01937	train	791
RF01938	train	18
RF01939	train	59
RF01940	train	2
RF01941	train	17
RF01943	train	156
RF01944	train	39
RF01945	train	334
RF01946	train	104
RF01947	train	100
RF01948	val	75
RF01950	test	99
RF01951	val	431
RF01952	test	70
RF01953	val	399
RF01954	val	272
RF01955	test	173
RF01956	val	166
RF01957	test	179
RF01959	train	33405
RF01960	train	57018
RF01962	test	84
RF01963	val	126
RF01964	test	87
RF01965	val	101
RF01966	val	112
RF01967	test	456
RF01968	val	454
RF01969	test	367
RF01970	val	456
RF01971	test	118
RF01972	val	87
RF01973	test	73
RF01974	val	70
RF01975	test	91
RF01976	test	446
RF01977	test	66
RF01978	test	94
RF01979	test	95
RF01981	test	106
RF01982	val	204
RF01983	test	115
RF01984	test	322
RF01985	val	64
RF01986	test	145
RF01987	train	67
RF01988	train	88
RF01989	train	4185
RF01990	val	307
RF01991	train	13
RF01992	test	111
RF01996	train	14
RF01997	train	14
RF01998	val	4391
RF01999	train	3947
RF02000	train	52
RF02001	val	13043
RF02003	val	3460
RF02004	val	1706
RF02005	val	6381
RF02006	train	19
RF02007	train	12
RF02008	train	17
RF02009	train	12
RF02010	train	6
RF02011	train	4
RF02012	val	2790
RF02014	train	19
RF02015	train	16
RF02016	test	10
RF02017	train	75
RF02018	train	15
RF02019	train	37
RF02020	train	118
RF02021	train	25
RF02022	train	13
RF02023	train	8
RF02024	train	25
RF02025	train	51
RF02026	train	6
RF02027	train	95
RF02028	val	14
RF02029	train	397
RF02030	train	416
RF02031	train	384
RF02032	train	148
RF02033	test	4544
RF02034	train	293
RF02035	val	605
RF02036	val	33
RF02037	test	45
RF02038	test	98
RF02039	test	110
RF02040	test	70
RF02041	test	449
RF02042	val	117
RF02043	val	110
RF02044	test	21
RF02045	val	93
RF02046	val	215
RF02047	test	258
RF02048	val	3
RF02049	test	5
RF02050	val	5
RF02051	val	99
RF02052	test	26
RF02053	train	133
RF02054	train	4
RF02055	val	7
RF02056	train	7
RF02057	train	193
RF02058	train	39
RF02059	val	4
RF02060	val	22
RF02061	train	373
RF02062	test	4
RF02063	train	5
RF02064	train	31
RF02065	val	7
RF02066	train	10
RF02067	train	9
RF02068	train	28
RF02069	train	26
RF02070	test	6
RF02071	val	4
RF02072	test	4
RF02073	val	8
RF02074	train	252
RF02075	train	47
RF02076	train	243
RF02077	val	6
RF02078	val	4
RF02079	train	151
RF02080	test	6
RF02081	val	277
RF02082	train	22
RF02083	train	13
RF02084	train	170
RF02085	test	14
RF02086	test	12
RF02087	test	9
RF02088	val	6
RF02089	test	82
RF02090	val	118
RF02091	test	185
RF02092	train	123
RF02093	train	207
RF02094	train	60
RF02095	train	302
RF02097	train	37
RF02098	val	28
RF02099	test	1
RF02100	train	163
RF02101	val	111
RF02102	val	35
RF02103	val	227
RF02104	test	83
RF02105	val	141
RF02106	test	77
RF02107	val	91
RF02108	train	108
RF02109	test	309
RF02110	test	191
RF02111	test	180
RF02112	test	126
RF02113	test	118
RF02114	val	58
RF02115	train	94
RF02116	test	110
RF02117	val	69
RF02118	val	84
RF02119	val	74
RF02120	test	75
RF02121	val	86
RF02122	val	110
RF02123	val	79
RF02124	test	132
RF02125	test	58
RF02126	test	65
RF02127	test	108
RF02128	test	96
RF02129	val	37
RF02130	val	108
RF02131	val	102
RF02132	val	90
RF02133	test	85
RF02134	val	15
RF02135	val	14
RF02136	test	14
RF02137	val	60
RF02138	val	357
RF02139	test	92
RF02140	test	381
RF02141	val	422
RF02142	train	100
RF02143	test	109
RF02144	train	679
RF02145	test	93
RF02146	test	86
RF02147	val	73
RF02148	test	103
RF02149	train	99
RF02150	val	92
RF02151	train	81
RF02153	val	328
RF02154	val	93
RF02155	test	15
RF02156	test	91
RF02157	val	68
RF02158	test	99
RF02159	val	118
RF02160	val	469
RF02161	val	75
RF02162	val	287
RF02163	train	362
RF02164	val	115
RF02165	val	109
RF02166	val	196
RF02167	val	85
RF02168	test	111
RF02169	test	84
RF02170	train	35
RF02171	val	15
RF02172	train	30
RF02173	test	118
RF02174	test	90
RF02175	val	99
RF02176	test	108
RF02177	test	63
RF02178	train	65
RF02179	val	97
RF02180	test	87
RF02181	train	17
RF02182	train	29
RF02183	val	84
RF02184	test	44
RF02185	test	101
RF02186	test	13
RF02187	val	107
RF02188	test	110
RF02189	test	117
RF02190	train	96
RF02191	val	56
RF02192	val	82
RF02193	test	109
RF02194	train	221
RF02195	val	108
RF02196	test	74
RF02197	val	23
RF02198	val	89
RF02199	val	86
RF02200	val	66
RF02201	val	100
RF02202	test	8
RF02203	val	94
RF02204	train	93
RF02205	val	119
RF02206	test	86
RF02207	val	16
RF02208	val	86
RF02209	test	403
RF02210	val	117
RF02211	test	15
RF02212	test	69
RF02213	test	23
RF02214	train	3
RF02215	train	117
RF02216	test	182
RF02217	test	17
RF02218	val	46
RF02219	val	186
RF02220	test	22
RF02221	train	2121
RF02222	test	38
RF02223	train	84
RF02224	test	84
RF02225	train	97
RF02226	val	74
RF02227	test	68
RF02228	test	1957
RF02230	train	116
RF02231	train	28
RF02232	train	345
RF02233	train	44
RF02234	test	166
RF02235	test	305
RF02237	test	5
RF02238	train	35
RF02239	train	2
RF02240	test	74
RF02241	test	35
RF02242	test	205
RF02243	train	42
RF02244	train	8
RF02245	train	3
RF02246	test	93
RF02247	val	106
RF02248	test	79
RF02249	val	116
RF02250	test	360
RF02251	test	37
RF02252	val	262
RF02253	train	625
RF02254	train	5
RF02255	test	11
RF02256	test	6
RF02257	val	9
RF02258	val	8
RF02259	val	4
RF02260	train	228
RF02261	train	112
RF02262	train	101
RF02263	train	203
RF02264	train	158
RF02265	train	207
RF02266	train	53
RF02267	test	128
RF02268	train	95
RF02269	val	75
RF02270	test	3
RF02271	train	74083
RF02272	val	95
RF02273	train	20
RF02274	train	25
RF02275	train	752
RF02276	test	1303
RF02277	train	82
RF02278	train	2996
RF02279	val	1
RF02280	val	1
RF02281	test	2
RF02282	test	1
RF02283	train	3
RF02284	train	1
RF02285	train	2
RF02286	val	1
RF02287	train	2
RF02288	train	2
RF02289	test	1
RF02290	val	1
RF02291	train	2
RF02292	test	1
RF02293	train	1
RF02294	train	2
RF02295	train	2
RF02296	val	1
RF02297	val	2
RF02298	test	1
RF02299	train	1
RF02300	val	1
RF02301	train	2
RF02302	test	2
RF02303	train	1
RF02304	test	1
RF02305	val	1
RF02306	test	1
RF02307	val	1
RF02308	val	1
RF02309	train	1
RF02310	test	1
RF02311	val	2
RF02312	train	1
RF02313	val	1
RF02314	test	2
RF02315	val	2
RF02316	train	2
RF02317	test	1
RF02318	val	1
RF02319	test	1
RF02320	val	1
RF02321	test	1
RF02322	val	1
RF02323	train	1
RF02324	test	1
RF02325	train	1
RF02326	val	1
RF02327	train	1
RF02328	test	1
RF02329	val	1
RF02330	train	2
RF02331	train	1
RF02332	test	1
RF02333	val	1
RF02334	test	1
RF02335	train	1
RF02336	train	1
RF02337	train	1
RF02338	train	1
RF02339	test	1
RF02340	train	2
RF02341	val	104
RF02342	train	656
RF02343	train	698
RF02344	train	3511
RF02345	train	1113
RF02346	train	621
RF02347	val	677
RF02348	val	193
RF02349	test	269
RF02350	train	13
RF02351	train	6
RF02353	train	310
RF02354	train	284
RF02355	train	446
RF02356	train	1381
RF02357	train	41
RF02358	val	1
RF02359	val	3
RF02360	train	163
RF02362	val	221
RF02363	train	65
RF02364	val	148
RF02365	train	182
RF02366	train	49
RF02367	train	158
RF02368	test	1
RF02369	train	15
RF02370	test	33
RF02371	train	41
RF02372	test	28
RF02373	val	254
RF02374	val	15
RF02375	train	143
RF02376	train	423
RF02377	train	11
RF02378	train	12
RF02379	val	381
RF02384	train	19
RF02385	test	60
RF02386	train	3
RF02387	val	1
RF02388	test	2
RF02389	test	1
RF02390	val	1
RF02392	test	1
RF02393	val	5
RF02394	val	1
RF02395	test	1
RF02396	train	47
RF02397	train	1
RF02398	val	1
RF02399	train	1677
RF02400	train	23
RF02401	train	179
RF02402	train	112
RF02403	train	24
RF02404	test	1
RF02405	train	325
RF02406	train	27
RF02407	train	223
RF02408	train	20
RF02409	train	17
RF02410	train	398
RF02411	train	263
RF02412	train	24
RF02413	val	246
RF02414	val	90
RF02415	val	9
RF02416	train	1
RF02417	train	2
RF02418	test	19
RF02419	val	93
RF02420	train	161
RF02421	test	636
RF02422	train	255
RF02423	train	251
RF02424	train	161
RF02425	test	93
RF02426	val	17
RF02427	train	6
RF02428	train	8
RF02429	val	2
RF02430	train	9
RF02431	train	183
RF02432	train	122
RF02433	train	31
RF02434	val	26
RF02435	train	81
RF02436	train	104
RF02437	train	66
RF02438	train	8
RF02439	test	5
RF02440	val	1190
RF02441	test	4
RF02442	train	199
RF02443	val	1
RF02444	val	14
RF02445	val	6
RF02446	val	195
RF02447	train	259
RF02448	val	45
RF02449	train	287
RF02450	train	10
RF02451	train	113
RF02452	train	407
RF02453	train	10
RF02454	val	21
RF02457	test	3
RF02458	test	1
RF02459	test	7
RF02460	train	1
RF02462	test	432
RF02463	test	327
RF02464	test	178
RF02465	test	55
RF02466	val	157
RF02468	val	1
RF02469	train	726
RF02470	train	120
RF02471	train	2453
RF02472	train	2
RF02473	train	1
RF02474	test	1
RF02475	val	1
RF02476	test	1
RF02477	val	1
RF02478	test	1
RF02479	val	1
RF02480	train	1
RF02481	test	1
RF02482	test	1
RF02483	val	1
RF02484	test	1
RF02485	val	1
RF02486	test	1
RF02487	val	1
RF02488	train	1
RF02489	test	1
RF02490	val	1
RF02491	test	1
RF02492	val	1
RF02493	test	1
RF02494	val	1
RF02495	train	10
RF02496	test	970
RF02497	val	27
RF02499	test	7
RF02500	test	1072
RF02501	train	214
RF02502	train	1065
RF02503	train	396
RF02504	test	79
RF02505	train	3
RF02506	test	228
RF02507	val	38
RF02508	test	2
RF02509	test	66
RF02510	val	2881
RF02511	test	1
RF02512	val	19
RF02514	val	16994
RF02516	train	607
RF02517	train	12
RF02518	train	1
RF02519	train	1
RF02520	train	181
RF02521	train	1
RF02522	val	1
RF02523	test	464
RF02524	test	9
RF02525	test	1
RF02526	train	51
RF02527	train	2
RF02528	train	14
RF02529	val	1
RF02530	val	3
RF02531	val	93
RF02534	test	3
RF02535	test	376
RF02536	train	1
RF02537	test	1
RF02538	val	1
RF02539	train	757
RF02540	train	2726
RF02541	train	44470
RF02542	train	1158
RF02543	train	89370
RF02544	train	32
RF02545	train	10
RF02546	test	8
RF02547	test	6
RF02548	val	12
RF02550	val	2
RF02551	train	298
RF02552	train	249
RF02553	train	1897
RF02556	train	27
RF02557	test	1
RF02558	train	1
RF02559	train	1
RF02560	test	2
RF02561	val	3
RF02562	val	1
RF02563	train	20
RF02564	test	1601
RF02565	train	1
RF02566	train	649
RF02567	train	11
RF02569	train	12
RF02570	train	1
RF02571	train	2
RF02572	test	1
RF02574	train	75
RF02575	test	3
RF02577	train	177
RF02578	train	53
RF02580	train	46
RF02581	train	1
RF02582	val	1
RF02583	train	3
RF02584	test	53
RF02589	val	84
RF02590	train	2
RF02591	train	3
RF02592	train	74
RF02593	train	76
RF02594	test	112
RF02595	train	3
RF02596	test	89
RF02597	test	1
RF02598	train	72
RF02600	train	525
RF02601	train	32
RF02603	test	25
RF02604	train	32
RF02605	test	762
RF02606	val	58
RF02607	train	2
RF02608	train	118
RF02609	train	1
RF02610	train	1
RF02611	train	1
RF02612	train	22
RF02613	val	31
RF02614	val	2
RF02615	val	1
RF02616	train	61
RF02617	train	180
RF02618	train	3
RF02619	train	1
RF02620	train	26
RF02621	train	146
RF02622	val	10
RF02623	val	22
RF02624	test	1
RF02625	train	691
RF02626	train	16
RF02628	train	105
RF02629	train	2
RF02630	train	1
RF02631	train	12
RF02632	train	4
RF02633	val	7
RF02634	train	12
RF02635	train	1
RF02637	train	1
RF02638	train	1
RF02639	train	1
RF02640	test	16
RF02641	train	2
RF02642	val	1
RF02643	val	4
RF02644	val	3
RF02645	val	1049
RF02646	train	792
RF02647	train	1221
RF02648	test	153
RF02649	train	162
RF02650	train	6
RF02651	train	364
RF02652	val	5
RF02654	train	188
RF02655	train	1
RF02656	val	985
RF02657	train	166
RF02659	train	2
RF02660	train	4
RF02661	train	1
RF02662	train	1
RF02663	train	2
RF02664	test	22
RF02665	val	18
RF02666	val	7
RF02667	train	15
RF02668	train	14
RF02669	train	14
RF02670	test	5
RF02671	test	7
RF02672	train	8
RF02673	train	1126
RF02674	test	2114
RF02675	test	6767
RF02676	test	2
RF02677	train	62
RF02678	val	28
RF02679	val	229
RF02680	test	95
RF02681	test	104
RF02682	train	1928
RF02683	test	1161
RF02684	test	129
RF02685	test	45
RF02686	val	2
RF02687	val	13
RF02688	train	113
RF02689	train	5
RF02690	train	62
RF02691	train	67
RF02692	val	248
RF02693	test	1
RF02694	train	4
RF02695	test	242
RF02696	val	1
RF02697	test	1
RF02698	train	9
RF02699	test	2
RF02700	test	14
RF02701	test	273
RF02702	train	2
RF02703	train	2
RF02705	val	22
RF02706	train	16
RF02707	train	25
RF02708	val	2
RF02709	val	1
RF02711	train	3
RF02712	train	2
RF02713	test	15
RF02714	test	12
RF02715	val	7
RF02716	test	1
RF02717	val	1
RF02718	test	13
RF02720	test	1
RF02721	val	16
RF02722	test	2
RF02723	train	285
RF02724	train	79
RF02725	train	87
RF02726	train	5
RF02727	val	12
RF02728	train	27
RF02730	test	4
RF02731	train	21
RF02732	train	73
RF02733	val	1
RF02734	val	4
RF02735	train	3264
RF02736	test	559
RF02737	train	16
RF02738	train	292
RF02740	val	13
RF02741	train	40
RF02742	train	18
RF02743	train	238
RF02744	train	571
RF02745	train	104
RF02746	test	64
RF02747	val	2
RF02748	test	22
RF02749	train	17
RF02750	val	29
RF02751	val	98
RF02752	train	61
RF02753	test	32
RF02754	test	3
RF02755	test	115
RF02756	val	6
RF02757	test	467
RF02758	test	1
RF02760	train	5
RF02761	train	1
RF02762	train	10
RF02763	train	1
RF02764	val	62
RF02765	val	22
RF02766	train	45
RF02767	train	14
RF02768	train	408
RF02769	train	1
RF02770	test	1032
RF02771	train	1
RF02772	val	1
RF02773	val	180
RF02774	test	22
RF02775	test	24
RF02776	test	1
RF02777	train	2
RF02778	test	29
RF02779	test	21
RF02780	test	17
RF02781	test	10
RF02782	val	497
RF02783	val	145
RF02784	train	1348
RF02785	val	3
RF02786	val	8
RF02787	test	6
RF02788	val	20
RF02789	test	8
RF02790	train	818
RF02792	train	30
RF02793	test	5
RF02794	train	45
RF02795	train	4
RF02796	train	41
RF02797	val	219
RF02798	train	38
RF02799	train	3
RF02800	test	1009
RF02801	train	12
RF02802	val	6
RF02803	test	5
RF02805	train	10
RF02806	train	4
RF02807	train	1
RF02808	val	9
RF02809	train	35
RF02811	val	1
RF02812	train	885
RF02813	test	18
RF02814	train	40
RF02815	val	6
RF02816	val	15
RF02818	train	3798
RF02819	val	6540
RF02820	train	862
RF02821	test	2
RF02823	test	239
RF02824	val	40
RF02825	val	43
RF02826	val	168
RF02827	test	219
RF02828	train	688
RF02829	val	627
RF02830	train	848
RF02831	test	323
RF02832	train	732
RF02833	train	333
RF02834	train	77
RF02835	test	1148
RF02836	test	687
RF02837	train	2173
RF02838	train	7
RF02839	train	3
RF02840	val	248
RF02841	test	20
RF02842	val	18
RF02843	train	2
RF02844	train	14
RF02845	train	6
RF02846	train	79
RF02847	train	30
RF02848	val	135
RF02849	train	1446
RF02850	val	1405
RF02851	val	77
RF02852	train	18
RF02853	val	2
RF02854	test	12
RF02855	train	768
RF02856	test	1
RF02857	test	3
RF02858	train	30
RF02859	train	22
RF02860	train	33
RF02861	val	45
RF02862	train	157
RF02863	train	170
RF02864	train	34
RF02865	train	149
RF02866	train	168
RF02867	train	195
RF02868	train	40
RF02869	train	121
RF02870	train	63
RF02871	train	228
RF02872	val	463
RF02873	val	5
RF02874	val	8
RF02875	test	19
RF02876	train	19
RF02877	train	150
RF02878	train	107
RF02879	test	116
RF02880	train	39
RF02881	test	46
RF02882	test	88
RF02883	train	193
RF02884	train	248
RF02885	train	32
RF02886	train	111
RF02887	val	76
RF02888	test	4
RF02889	test	13
RF02890	val	5
RF02891	train	78
RF02892	train	5
RF02893	val	388
RF02894	train	110
RF02895	val	179
RF02896	test	26
RF02897	val	36
RF02898	train	90
RF02899	train	73
RF02900	train	22
RF02901	train	198
RF02902	test	425
RF02903	train	10
RF02904	val	12
RF02905	train	43
RF02906	train	18
RF02907	test	15
RF02908	val	33
RF02909	test	30
RF02911	test	49
RF02912	test	76
RF02913	val	2656
RF02914	train	8297
RF02915	test	186
RF02916	test	246
RF02917	val	52
RF02918	val	50
RF02919	train	83
RF02920	train	87
RF02921	val	311
RF02922	test	61
RF02923	test	43
RF02925	test	180
RF02926	train	27
RF02927	test	2
RF02928	val	174
RF02929	val	123
RF02930	test	157
RF02931	val	35
RF02932	val	167
RF02933	train	4
RF02934	val	19
RF02935	test	764
RF02936	train	3
RF02937	train	689
RF02938	train	125
RF02940	val	708
RF02941	train	57
RF02942	train	59
RF02943	train	15
RF02944	train	510
RF02945	train	68
RF02946	val	125
RF02947	val	13
RF02949	val	34
RF02950	val	1
RF02951	test	213
RF02952	val	67
RF02953	train	5
RF02954	test	5
RF02955	val	87
RF02957	test	369
RF02958	val	568
RF02959	val	29
RF02960	val	152
RF02961	val	37
RF02962	test	71
RF02963	train	28
RF02964	train	214
RF02965	test	334
RF02966	test	85
RF02967	test	261
RF02968	val	452
RF02969	val	366
RF02971	test	19
RF02972	train	86
RF02973	train	4
RF02974	val	10
RF02975	test	752
RF02976	test	1
RF02977	test	146
RF02978	train	17
RF02980	val	3
RF02981	val	60
RF02982	test	135
RF02983	train	23
RF02984	train	134
RF02985	train	32
RF02986	train	88
RF02987	train	1417
RF02989	val	103
RF02990	val	20
RF02991	val	35
RF02992	test	172
RF02993	val	157
RF02994	val	43
RF02995	train	39
RF02996	val	2100
RF02999	test	505
RF03000	train	11
RF03001	test	93
RF03002	test	10
RF03003	test	224
RF03004	test	13
RF03005	test	108
RF03006	test	38
RF03007	test	7
RF03008	val	59
RF03009	test	43
RF03010	test	8
RF03011	val	70
RF03012	val	11
RF03013	train	140
RF03014	val	111
RF03015	test	536
RF03016	val	52
RF03017	train	45
RF03018	test	217
RF03019	val	99
RF03020	val	84
RF03021	val	99
RF03022	val	38
RF03023	test	33
RF03024	test	6
RF03025	val	35
RF03026	val	765
RF03027	val	68
RF03028	test	56
RF03029	val	1
RF03030	val	8
RF03031	val	325
RF03032	train	683
RF03033	val	69
RF03034	val	722
RF03035	val	42
RF03036	train	99
RF03037	test	45
RF03038	val	91
RF03039	train	207
RF03040	test	106
RF03041	val	192
RF03042	test	34
RF03043	test	8
RF03044	test	259
RF03045	test	87
RF03046	train	75
RF03047	test	12
RF03048	train	5
RF03050	val	12
RF03052	val	55
RF03054	val	877
RF03056	test	28
RF03057	val	1293
RF03058	test	1111
RF03059	val	322
RF03060	val	259
RF03061	val	19
RF03062	train	71
RF03063	val	850
RF03064	val	1422
RF03065	val	8
RF03066	val	13
RF03067	val	2922
RF03068	val	112
RF03069	train	1070
RF03070	val	96
RF03071	train	399
RF03072	test	2245
RF03074	test	937
RF03075	train	326
RF03076	val	970
RF03077	test	245
RF03078	val	1601
RF03079	test	248
RF03080	val	28
RF03081	train	2632
RF03082	val	106
RF03085	test	387
RF03086	val	714
RF03087	test	226
RF03088	train	1
RF03090	test	3
RF03091	val	1
RF03093	val	26
RF03094	val	4
RF03097	train	6
RF03098	train	4
RF03100	val	3
RF03101	train	4
RF03104	val	2
RF03105	train	1
RF03106	val	9
RF03108	train	38
RF03109	val	30
RF03111	test	19
RF03112	val	87
RF03114	test	1
RF03115	test	62
RF03116	train	30
RF03117	train	15
RF03118	train	2
RF03119	train	7
RF03120	train	7
RF03121	train	26
RF03122	train	18
RF03123	train	5
RF03124	train	7
RF03125	train	5
RF03126	test	97
RF03127	test	621
RF03128	test	82
RF03129	train	91
RF03130	val	238
RF03131	val	71
RF03132	val	747
RF03133	val	61
RF03134	test	77
RF03135	train	474
RF03136	train	3032
RF03137	val	109
RF03138	test	168
RF03139	val	156
RF03140	val	137
RF03141	test	233
RF03142	val	667
RF03143	train	355
RF03144	test	202
RF03145	test	3
RF03146	val	14
RF03147	train	30
RF03148	test	69
RF03149	val	1
RF03150	train	1
RF03151	val	319
RF03152	test	4
RF03154	test	10
RF03155	train	966
RF03156	test	295
RF03157	val	727
RF03158	val	1677
RF03159	train	7
RF03160	test	5360
RF03162	train	1046
RF03163	train	1679
RF03164	test	22
RF03165	val	510
RF03166	test	1435
RF03167	test	9003
RF03168	test	6731
RF03169	test	2022
RF03170	test	702
RF03171	train	2
RF03172	train	32
RF03173	train	15
RF03174	train	41
RF03175	train	50
RF03176	test	52
RF03177	train	1
RF03178	train	4
RF03179	train	14
RF03180	train	16
RF03181	train	23
RF03182	train	8
RF03183	train	7
RF03184	train	9
RF03185	train	11
RF03186	train	112
RF03187	train	15
RF03188	train	19
RF03189	train	129
RF03190	train	3
RF03191	train	7
RF03192	train	14
RF03193	train	29
RF03194	train	14
RF03195	train	9
RF03196	train	14
RF03197	train	45
RF03198	train	10
RF03199	train	14
RF03200	train	2
RF03201	train	23
RF03202	train	13
RF03203	train	12
RF03204	train	13
RF03205	train	25
RF03206	train	12
RF03207	train	13
RF03208	train	273
RF03209	train	31
RF03210	train	3
RF03211	train	5
RF03212	train	76
RF03213	train	18
RF03215	train	15
RF03216	train	2
RF03217	train	8
RF03218	train	75
RF03219	train	8
RF03220	train	4
RF03221	train	9
RF03222	train	17
RF03223	train	2
RF03224	train	22
RF03225	train	41
RF03226	train	6
RF03227	train	83
RF03228	test	11
RF03229	train	39
RF03230	train	2
RF03231	train	7
RF03232	train	89
RF03233	train	2
RF03234	train	2
RF03235	train	8
RF03236	train	9
RF03237	train	23
RF03238	train	5
RF03239	train	3
RF03240	train	320
RF03242	train	58
RF03243	train	6
RF03244	train	57
RF03246	train	3
RF03247	train	52
RF03248	train	18
RF03249	train	17
RF03251	train	22
RF03252	train	2
RF03253	train	10
RF03254	val	15
RF03255	train	117
RF03256	train	15
RF03257	train	4
RF03258	train	8
RF03259	train	2
RF03260	train	10
RF03262	train	4
RF03263	train	2
RF03264	train	2
RF03265	train	191
RF03266	train	6
RF03267	train	3
RF03268	train	9
RF03269	train	19
RF03271	train	27
RF03272	train	68
RF03274	train	14
RF03275	train	7
RF03276	train	2
RF03277	train	14
RF03278	train	100
RF03279	train	70
RF03280	train	34
RF03281	val	4
RF03283	train	13
RF03284	train	12
RF03285	train	8
RF03286	train	16
RF03287	train	15
RF03288	train	62
RF03289	train	9
RF03290	train	30
RF03291	train	12
RF03292	train	49
RF03293	train	45
RF03294	train	2
RF03295	train	5
RF03296	train	29
RF03297	train	19
RF03298	train	7
RF03299	train	115
RF03300	train	3
RF03301	train	74
RF03302	train	13
RF03303	train	13
RF03304	train	150
RF03305	train	18
RF03306	train	26
RF03307	train	9
RF03308	train	25
RF03309	train	9
RF03310	train	14
RF03311	train	28
RF03312	train	3
RF03313	train	78
RF03314	train	9
RF03315	train	78
RF03316	train	21
RF03317	train	3
RF03318	train	2
RF03319	train	51
RF03321	train	10
RF03322	train	50
RF03323	train	78
RF03324	train	10
RF03325	train	68
RF03326	train	4
RF03327	train	24
RF03328	train	50
RF03329	train	29
RF03330	train	30
RF03331	train	12
RF03332	train	4
RF03333	train	23
RF03334	train	19
RF03335	train	43
RF03336	train	13
RF03337	train	6
RF03338	train	12
RF03339	train	21
RF03340	train	12
RF03341	train	5
RF03342	train	128
RF03343	train	3
RF03344	train	7
RF03345	train	20
RF03346	train	4
RF03347	train	46
RF03348	train	3
RF03349	train	42
RF03350	train	6
RF03351	train	16
RF03352	train	3
RF03353	train	139
RF03354	train	85
RF03355	train	9
RF03356	train	43
RF03357	train	22
RF03358	train	3
RF03359	train	74
RF03360	train	131
RF03361	train	12
RF03362	train	23
RF03363	train	4
RF03364	train	22
RF03366	train	144
RF03367	train	3
RF03368	val	5
RF03369	train	9
RF03370	train	10
RF03371	train	84
RF03372	train	11
RF03373	train	16
RF03374	train	14
RF03375	train	33
RF03376	train	3
RF03377	train	3
RF03378	train	117
RF03379	train	49
RF03380	train	7
RF03381	train	90
RF03382	train	2
RF03383	train	8
RF03384	train	20
RF03385	train	4
RF03386	train	23
RF03387	train	634
RF03388	test	4
RF03389	train	12
RF03390	train	40
RF03391	train	7
RF03392	train	11
RF03393	train	3
RF03394	train	90
RF03395	train	40
RF03396	train	11
RF03397	train	11
RF03398	train	5
RF03399	train	6
RF03400	train	118
RF03401	train	2
RF03402	train	22
RF03403	train	50
RF03404	train	72
RF03405	train	33
RF03406	train	30
RF03407	train	67
RF03408	train	36
RF03409	train	4
RF03410	train	6
RF03411	train	17
RF03412	train	3
RF03413	train	11
RF03414	train	63
RF03416	train	4
RF03417	train	3
RF03418	train	16
RF03419	train	74
RF03420	train	17
RF03421	train	7
RF03422	train	5
RF03423	train	10
RF03424	train	18
RF03425	train	3
RF03426	train	130
RF03427	train	3
RF03428	train	7
RF03429	train	1
RF03430	train	29
RF03431	train	25
RF03432	train	3
RF03433	train	43
RF03434	train	9
RF03435	train	97
RF03436	train	48
RF03437	train	13
RF03438	train	2
RF03439	train	264
RF03440	train	10
RF03441	train	3
RF03442	train	6
RF03443	train	127
RF03444	train	11
RF03445	train	134
RF03447	train	14
RF03448	train	23
RF03449	train	12
RF03450	train	36
RF03451	train	9
RF03452	train	13
RF03453	train	5
RF03454	train	24
RF03455	val	3
RF03456	train	55
RF03457	train	191
RF03458	train	21
RF03459	train	23
RF03460	train	75
RF03461	train	10
RF03462	train	12
RF03463	train	5
RF03464	train	16
RF03465	train	211
RF03466	train	96
RF03467	train	16
RF03468	train	48
RF03469	train	42
RF03470	train	121
RF03471	train	24
RF03472	train	14
RF03473	train	208
RF03474	train	18
RF03475	train	21
RF03476	train	11
RF03477	train	26
RF03478	train	10
RF03479	train	28
RF03480	train	63
RF03481	train	436
RF03482	train	10
RF03483	train	138
RF03484	train	1
RF03485	train	5
RF03486	train	11
RF03487	train	14
RF03488	train	21
RF03489	train	22
RF03490	train	220
RF03491	train	12
RF03492	train	5
RF03493	train	25
RF03494	train	65
RF03495	train	7
RF03496	train	12
RF03497	train	6
RF03498	train	51
RF03499	train	6
RF03500	train	11
RF03501	train	23
RF03502	train	9
RF03503	train	8
RF03504	train	5
RF03505	train	12
RF03506	train	45
RF03507	train	11
RF03508	train	60
RF03509	train	29
RF03510	train	73
RF03511	train	14
RF03512	train	14
RF03514	train	4
RF03516	train	25
RF03517	train	49
RF03518	train	17
RF03519	train	7
RF03520	train	5
RF03521	test	12
RF03522	train	7
RF03523	train	34
RF03524	train	10
RF03525	train	128
RF03526	train	33
RF03527	train	6
RF03528	train	42
RF03530	train	50
RF03531	test	2914
RF03532	train	109
RF03533	train	17
RF03534	train	3
RF03535	val	10
RF03540	train	1
RF03545	train	13
RF03548	train	8
RF03549	train	2
RF03550	train	5
RF03552	train	1
RF03553	train	5
RF03554	train	3
RF03555	train	5
RF03556	train	26
RF03557	train	12
RF03558	train	48
RF03559	train	2
RF03560	train	127
RF03561	train	111
RF03562	train	3
RF03563	train	3
RF03564	train	11
RF03565	train	25
RF03566	train	11
RF03567	train	641
RF03568	train	21
RF03569	train	19
RF03570	val	11
RF03571	train	9
RF03572	train	21
RF03573	train	91
RF03574	train	5
RF03575	train	4
RF03576	test	15
RF03577	train	5657
RF03578	train	215
RF03579	train	7
RF03580	val	10
RF03581	train	3
RF03582	train	2
RF03583	train	36
RF03584	train	22
RF03585	train	55
RF03586	train	2
RF03587	train	7
RF03588	train	123
RF03589	train	5
RF03590	train	26
RF03591	train	5
RF03592	train	8
RF03593	train	3
RF03594	train	35
RF03595	train	3
RF03596	train	187
RF03597	train	9
RF03598	train	45
RF03599	train	34
RF03600	train	79
RF03601	train	52
RF03602	train	3
RF03603	train	7
RF03604	train	11
RF03605	train	3
RF03606	train	1
RF03607	train	143
RF03608	val	146
RF03609	train	5
RF03610	train	2
RF03611	train	1
RF03612	train	9
RF03613	train	123
RF03614	train	7
RF03615	train	6
RF03616	train	123
RF03617	train	16
RF03618	train	6
RF03619	train	8
RF03620	train	160
RF03621	train	3
RF03622	train	74
RF03623	train	22
RF03625	val	4235
RF03626	train	2
RF03627	train	4
RF03628	train	49
RF03629	train	124
RF03630	train	22
RF03631	train	23
RF03632	train	312
RF03633	train	177
RF03634	train	213
RF03635	train	2
RF03636	train	10
RF03637	train	59
RF03638	train	42
RF03639	train	10
RF03640	train	33
RF03641	train	6
RF03642	train	37
RF03643	train	5
RF03644	train	3
RF03645	train	10
RF03646	train	5
RF03647	train	3
RF03648	train	11
RF03649	train	33
RF03650	train	49
RF03651	train	1
RF03652	train	63
RF03653	train	86
RF03654	train	53
RF03655	train	2
RF03656	train	3
RF03657	train	42
RF03658	train	107
RF03659	train	10
RF03660	train	2
RF03661	train	8
RF03662	train	3615
RF03663	train	2
RF03664	train	333
RF03665	train	101
RF03666	train	6
RF03667	train	4
RF03668	train	280
RF03669	train	29
RF03670	train	3
RF03671	train	5
RF03672	train	24
RF03673	train	56
RF03674	train	674
RF03675	train	4
RF03676	train	141
RF03677	train	117
RF03678	train	9
RF03679	train	64
RF03680	train	7
RF03681	train	9
RF03682	train	11
RF03683	train	1
RF03684	train	40
RF03685	train	29
RF03686	train	52
RF03687	train	6
RF03688	train	3
RF03689	train	11
RF03690	val	999
RF03691	train	96
RF03692	train	50
RF03693	train	21
RF03694	train	42
RF03695	train	583
RF03696	train	3
RF03697	train	74
RF03698	train	45
RF03699	train	35
RF03700	train	153
RF03701	train	6
RF03702	train	17
RF03703	train	258
RF03704	train	53
RF03705	train	41
RF03706	train	7
RF03707	train	7
RF03709	train	30
RF03710	train	249
RF03711	train	3
RF03712	train	70
RF03713	train	14
RF03714	train	28
RF03715	train	3
RF03716	train	53
RF03717	train	121
RF03718	train	35
RF03719	train	67
RF03720	train	3
RF03721	train	14
RF03722	train	9
RF03723	train	25
RF03724	train	4
RF03725	train	2
RF03726	train	5
RF03727	train	7
RF03728	train	7
RF03729	train	30
RF03730	train	4
RF03731	train	11
RF03732	train	7
RF03733	train	2
RF03734	train	126
RF03735	train	2
RF03736	train	65
RF03737	train	2
RF03738	train	7
RF03739	train	33
RF03740	test	8
RF03741	train	42
RF03742	train	6
RF03743	train	58
RF03744	train	1
RF03745	train	2
RF03746	train	5
RF03747	train	68
RF03748	train	3
RF03749	train	919
RF03750	train	2
RF03751	train	23
RF03752	train	82
RF03753	train	6
RF03754	train	77
RF03755	train	2
RF03756	train	22
RF03757	train	85
RF03758	train	58
RF03759	train	90
RF03760	train	85
RF03761	train	1
RF03762	train	7
RF03763	train	5
RF03764	train	9
RF03765	train	10
RF03766	train	42
RF03767	train	10
RF03768	train	78
RF03769	train	161
RF03770	train	4
RF03771	train	117
RF03772	test	2
RF03773	train	3
RF03774	train	6
RF03775	train	8
RF03776	train	17
RF03777	train	151
RF03778	train	71
RF03779	train	72
RF03780	train	197
RF03781	train	87
RF03782	train	82
RF03783	train	9
RF03784	train	7
RF03785	train	4
RF03786	train	4
RF03787	train	2
RF03788	train	84
RF03789	train	374
RF03790	train	245
RF03791	train	3
RF03792	train	136
RF03793	train	3
RF03794	train	237
RF03795	train	9
RF03796	train	59
RF03797	train	1
RF03798	train	8
RF03799	train	155
RF03800	train	123
RF03801	train	3
RF03802	train	26
RF03803	train	794
RF03804	train	6
RF03805	train	1
RF03806	train	1
RF03807	train	3
RF03808	train	17
RF03809	train	11
RF03810	val	7
RF03811	train	2
RF03812	train	5
RF03813	train	181
RF03814	train	12
RF03815	train	2
RF03816	train	52
RF03817	train	4
RF03818	train	91
RF03819	train	19
RF03820	train	16
RF03821	train	1
RF03822	train	12
RF03823	train	6
RF03824	train	86
RF03825	train	5
RF03826	train	8
RF03827	train	7
RF03828	train	7
RF03829	train	18
RF03830	train	1
RF03831	train	270
RF03832	train	5
RF03833	train	1607
RF03834	train	75
RF03835	train	13
RF03836	train	7
RF03837	train	21
RF03838	test	14
RF03839	train	93
RF03840	train	52
RF03841	train	30
RF03842	train	172
RF03843	train	85
RF03844	train	514
RF03845	train	18
RF03846	train	58
RF03847	train	8
RF03848	train	2
RF03849	train	47
RF03850	train	2
RF03851	train	21
RF03852	train	20
RF03853	train	2
RF03854	train	3
RF03855	train	13
RF03856	train	5
RF03857	train	21
RF03858	train	8
RF03859	train	14
RF03860	train	869
RF03861	train	31
RF03862	train	18
RF03863	train	41
RF03864	train	4
RF03865	train	2
RF03866	train	3
RF03867	train	2
RF03868	train	2
RF03869	train	150
RF03870	train	14
RF03871	train	74
RF03872	train	583
RF03873	train	15
RF03874	train	9078
RF03875	train	242
RF03876	train	17
RF03877	train	44
RF03878	train	1
RF03879	train	59
RF03880	train	83
RF03881	train	5
RF03882	train	7
RF03883	train	18569
RF03884	train	10
RF03885	train	2
RF03886	train	5
RF03887	train	3
RF03888	train	61
RF03889	train	167
RF03890	train	1
RF03891	train	47
RF03892	train	2
RF03893	train	2
RF03894	train	31
RF03895	val	14
RF03896	train	629
RF03897	train	3
RF03898	train	2
RF03899	train	2
RF03900	train	905
RF03901	train	2
RF03902	train	3
RF03903	train	3
RF03904	train	144
RF03905	train	3
RF03906	train	46
RF03907	train	8
RF03908	train	91
RF03909	train	2
RF03910	train	2
RF03911	train	15
RF03912	train	120
RF03913	train	6
RF03914	train	4
RF03915	train	174
RF03916	train	12
RF03917	train	17
RF03918	train	2
RF03919	train	1
RF03920	train	6
RF03921	train	14
RF03922	train	17
RF03923	train	4
RF03924	train	11
RF03925	train	6
RF03926	train	1428
RF03927	train	5
RF03929	train	4
RF03930	train	10
RF03931	train	2
RF03932	train	46
RF03933	train	11
RF03934	train	2
RF03935	train	76
RF03936	train	12
RF03937	train	42
RF03938	train	38
RF03939	train	9
RF03940	train	2833
RF03941	train	181
RF03942	train	4
RF03943	train	2
RF03944	train	11
RF03945	train	3
RF03946	train	7
RF03947	train	38
RF03948	train	1
RF03949	train	17
RF03950	train	3
RF03951	train	29
RF03952	train	353
RF03953	train	6
RF03954	train	5
RF03955	train	17
RF03956	train	151
RF03957	train	67
RF03958	train	12
RF03959	train	3
RF03960	train	23
RF03961	train	2
RF03962	train	15
RF03963	test	3
RF03964	train	94
RF03965	train	4
RF03966	train	8
RF03967	train	39
RF03968	train	2
RF03969	train	240
RF03970	train	25
RF03971	train	3
RF03972	train	45
RF03973	train	36
RF03974	train	6
RF03975	train	387
RF03976	train	8
RF03977	train	3
RF03978	train	7
RF03979	train	10
RF03980	train	26
RF03981	train	11499
RF03982	train	3
RF03983	train	152
RF03984	train	15
RF03985	train	3
RF03986	train	7
RF03987	train	9
RF03988	train	13
RF03989	train	2
RF03990	train	1
RF03991	train	208
RF03992	train	44
RF03993	train	48
RF03994	train	3
RF03995	train	8
RF03996	train	4
RF03997	train	3
RF03999	train	27
RF04001	train	14
RF04002	train	39
RF04003	train	3
RF04004	train	2
RF04006	train	10
RF04007	train	18
RF04008	train	1
RF04010	train	9
RF04011	train	24
RF04013	train	6
RF04014	train	38
RF04015	train	1
RF04016	train	3
RF04017	train	2
RF04018	train	52
RF04019	train	20
RF04020	train	1
RF04021	train	14093
RF04022	train	8
RF04023	train	1
RF04024	train	6
RF04025	val	2
RF04026	train	3
RF04027	train	22
RF04028	train	4
RF04029	train	21
RF04030	train	2
RF04031	train	2
RF04032	train	13267
RF04035	train	2
RF04036	train	31
RF04037	train	6
RF04038	train	20
RF04039	train	6
RF04040	train	3
RF04041	train	1
RF04042	train	2
RF04043	train	8
RF04044	train	16
RF04047	train	183
RF04048	train	6
RF04049	train	9
RF04050	train	9
RF04051	train	864
RF04052	train	23
RF04053	train	94
RF04054	train	68
RF04055	train	3
RF04056	train	7
RF04057	train	18
RF04059	train	16
RF04060	train	5
RF04061	train	18
RF04062	train	8
RF04063	train	560
RF04064	train	161
RF04065	train	368
RF04066	train	17
RF04067	train	362
RF04068	train	31
RF04069	train	137
RF04070	train	32
RF04071	train	23
RF04072	train	99
RF04073	train	44
RF04074	train	59
RF04075	train	4
RF04076	train	41
RF04077	train	61
RF04078	train	341
RF04079	train	20
RF04080	train	43
RF04081	train	9
RF04082	train	12
RF04083	train	39
RF04084	train	10
RF04085	train	88
RF04087	train	2103
RF04088	train	32849
RF04089	train	13
RF04090	train	38
RF04091	train	50
RF04092	train	14
RF04093	train	135
RF04094	train	7
RF04095	train	16
RF04096	train	312
RF04097	train	180
RF04098	train	2
RF04099	train	60
RF04100	train	38
RF04101	train	6
RF04102	train	35
RF04103	train	2
RF04104	train	7
RF04105	train	23
RF04106	train	26
RF04107	train	3
RF04108	train	61
RF04109	train	37
RF04110	train	77
RF04111	train	250
RF04112	train	23
RF04113	train	142
RF04114	train	140
RF04115	train	12
RF04116	train	6
RF04117	train	25
RF04118	train	27
RF04119	train	191
RF04120	train	22
RF04121	train	24
RF04122	train	14
RF04123	train	27
RF04124	train	442
RF04125	train	37
RF04126	train	65
RF04127	train	110
RF04128	train	50
RF04129	train	2
RF04130	train	380
RF04131	train	2
RF04132	train	114
RF04133	train	11
RF04134	train	5032
RF04135	train	7
RF04136	train	52
RF04137	train	2
RF04138	train	51
RF04139	train	37
RF04140	train	30
RF04141	train	66
RF04142	train	87
RF04143	train	4
RF04144	train	14
RF04145	train	66
RF04146	train	14
RF04147	train	19
RF04148	train	20
RF04149	train	4
RF04150	train	571
RF04151	train	41
RF04152	train	68
RF04153	train	3
RF04154	train	115
RF04155	train	240
RF04156	train	186
RF04157	train	35
RF04158	train	68
RF04159	train	99
RF04160	train	4
RF04161	train	111
RF04162	train	9
RF04163	train	2989
RF04164	train	338
RF04165	train	36
RF04166	train	10
RF04167	train	22
RF04168	train	3
RF04169	train	15
RF04170	train	3
RF04171	train	69
RF04172	train	133
RF04173	train	24
RF04174	train	19
RF04175	train	68
RF04176	train	52
RF04177	train	24
RF04178	train	11
RF04179	train	218
RF04180	train	90
RF04181	val	28
RF04182	train	81
RF04183	train	6283
RF04184	train	541
RF04185	train	14
RF04186	train	1
RF04187	train	7
RF04188	test	60
RF04189	val	82
RF04192	train	103
RF04193	train	6
RF04194	train	34
RF04195	train	2217
RF04196	train	2
RF04197	train	77
RF04198	train	171
RF04199	train	19
RF04200	test	156
RF04201	train	785
RF04202	train	40
RF04203	train	18
RF04204	train	1075
RF04205	train	157
RF04206	train	29
RF04207	train	7
RF04208	train	20
RF04209	train	47
RF04210	train	577
RF04211	train	82
RF04212	train	169
RF04213	train	6
RF04214	train	90
RF04215	train	149
RF04216	train	242
RF04217	train	50
RF04218	test	1
RF04219	val	1
RF04220	train	1
RF04221	test	1
RF04222	test	82
RF04223	train	745
RF04224	train	18313
RF04225	train	45879
RF04226	train	144
RF04227	val	441
RF04228	train	36
RF04229	train	177
RF04230	train	229
RF04231	train	20
RF04232	val	1
RF04233	train	225
RF04234	train	99
RF04235	train	29
RF04236	train	134
RF04237	train	4
RF04238	train	2
RF04239	train	331
RF04240	train	175
RF04241	train	77
RF04242	train	92
RF04243	train	10
RF04244	train	86
RF04245	train	9
RF04246	train	8
RF04247	train	560
RF04248	train	5884
RF04249	train	58
RF04250	train	45
RF04251	train	219
RF04252	train	95
RF04254	train	56
RF04255	train	95
RF04257	train	721
RF04258	train	18
RF04259	train	1
RF04260	train	7
RF04261	train	167
RF04262	train	32
RF04263	train	714
RF04264	train	2
RF04265	train	26
RF04266	val	128
RF04267	train	44
RF04268	train	17
RF04269	train	23
RF04270	train	38
RF04271	val	110
RF04272	train	159
RF04273	train	12
RF04274	train	14162
RF04275	train	103
RF04276	train	177
RF04277	train	5
RF04278	train	6
RF04279	train	15
RF04280	train	273
RF04281	train	27
RF04282	train	164
RF04283	train	11
RF04284	train	49
RF04285	train	53
RF04286	train	203
RF04287	train	433
RF04288	train	11
RF04289	train	27
RF04290	train	41
RF04291	train	174
RF04292	train	164
RF04293	train	35
RF04294	train	55
RF04295	train	180
RF04296	train	32
RF04297	train	24
RF04298	train	16
RF04299	train	46
RF04300	train	7
RF04301	train	1
RF04302	train	23
RF04303	train	31
RF04305	test	2
RF04306	train	2
RF04307	train	1
RF04308	test	1
RF04309	val	1
RF04310	test	14
